NCT Number,Study Results,Primary Completion Date,Results First Posted
NCT04591431,NO,2024-12,
NCT05244382,NO,2024-06,
NCT05025020,NO,2024-08,
NCT06080620,NO,2025-10-01,
NCT05464082,NO,2025-09-30,
NCT04905082,NO,2024-06-30,
NCT04373031,NO,2024-06,
NCT03981731,NO,2022-01-14,
NCT05206331,NO,2024-11,
NCT04998682,NO,2025-03,
NCT04665882,NO,2022-12-31,
NCT05319873,NO,2024-04-01,
NCT04504331,YES,2021-10-22,2023-04-04
NCT04682431,NO,2025-12,
NCT04573231,NO,2025-11,
NCT05238831,NO,2026-05-31,
NCT03685331,NO,2024-04,
NCT04725331,NO,2025-04-30,
NCT06082882,NO,2024-02-28,
NCT05834582,NO,2025-06-01,
NCT04694794,NO,2023-03-19,
NCT06155331,NO,2024-12,
NCT05039931,NO,2023-06,
NCT03935282,NO,2025-03-07,
NCT06207474,NO,2023-04-07,
NCT05133674,NO,2022-12-31,
NCT05259696,NO,2025-06,
NCT05383196,NO,2026-02-15,
NCT04378816,NO,2021-05-05,
NCT05656716,NO,2023-08,
NCT05252416,NO,2025-11-30,
NCT04304924,NO,2023-03,
NCT06176534,NO,2025-12-20,
NCT05177796,NO,2023-07-26,
NCT05189496,NO,2023-12-31,
NCT05502224,NO,2026-09,
NCT04305834,NO,2024-08-21,
NCT04348916,NO,2023-05-31,
NCT04676516,NO,2022-08-15,
NCT04558034,NO,2021-02-03,
NCT05700396,NO,2023-12-31,
NCT04531696,NO,2035-09,
NCT04239716,NO,2022-10-31,
NCT04389216,NO,2024-12-15,
NCT06071234,NO,2024-12-30,
NCT04677816,NO,2024-03,
NCT04379024,NO,2021-07-30,
NCT05620134,NO,2025-10-17,
NCT04243616,NO,2025-01-01,
NCT05809024,NO,2025-03-25,
NCT05351424,NO,2024-12-31,
NCT05377996,NO,2026-12,
NCT04647916,NO,2025-02-17,
NCT04806724,NO,2024-12-31,
NCT05989724,NO,2025-09,
NCT06245824,NO,2026-03-01,
NCT05201963,NO,2022-12-30,
NCT05289258,NO,2024-12-30,
NCT06008158,NO,2025-11-17,
NCT05967286,NO,2025-04-30,
NCT05069935,NO,2023-08-11,
NCT05743686,NO,2023-09-04,
NCT04481763,NO,2024-08-30,
NCT04542135,NO,2025-01-29,
NCT04189263,NO,2023-03-30,
NCT04839835,NO,2021-08-31,
NCT05300958,NO,2023-09-30,
NCT05684458,NO,2023-07-30,
NCT05142358,NO,2024-12-31,
NCT04960839,NO,2029-12-01,
NCT03979339,NO,2022-12,
NCT04426435,NO,2020-09-25,
NCT04225858,NO,2025-01,
NCT05528263,NO,2024-09-08,
NCT04424758,NO,2020-07-30,
NCT05156463,NO,2022-04-12,
NCT04728035,NO,2023-04,
NCT05424835,NO,2024-12-31,
NCT05025735,NO,2022-12,
NCT05388435,NO,2024-09,
NCT06257758,NO,2026-01-29,
NCT05461534,NO,2023-08-01,
NCT04267796,NO,2025-04-30,
NCT06076616,NO,2023-12-01,
NCT04583124,NO,2024-12-31,
NCT05812924,NO,2026-09-30,
NCT06070324,NO,2024-02,
NCT05058196,NO,2023-09-01,
NCT04715516,NO,2021-10-13,
NCT05305924,NO,2023-12-01,
NCT05549024,NO,2023-12-31,
NCT05244434,NO,2023-01-26,
NCT05297734,NO,2026-10-15,
NCT05621434,NO,2024-12-10,
NCT03903224,NO,2023-08-01,
NCT04208724,NO,2022-06-30,
NCT04796324,NO,2024-06-01,
NCT05800834,NO,2024-03,
NCT05168696,NO,2022-11-30,
NCT04268134,NO,2024-02-27,
NCT05347134,NO,2023-10-31,
NCT05316324,NO,2024-03,
NCT04234386,NO,2026-12,
NCT05775822,NO,2023-12-20,
NCT05573022,NO,2024-12,
NCT04135586,NO,2024-11-01,
NCT05558722,NO,2023-07-30,
NCT05677022,NO,2023-02-01,
NCT04871139,NO,2026-03-01,
NCT05358639,NO,2024-04-28,
NCT05871125,NO,2025-12-31,
NCT04750122,NO,2022-06-30,
NCT04721886,NO,2023-07-11,
NCT06002022,NO,2025-03-28,
NCT05033925,NO,2024-12-30,
NCT06028022,NO,2025-10,
NCT05989022,NO,2024-08,
NCT04330339,NO,2021-01-31,
NCT04909125,NO,2026-12-31,
NCT04521686,NO,2023-07-17,
NCT06001086,NO,2026-08-01,
NCT04298086,NO,2025-03,
NCT06174363,NO,2025-02-26,
NCT05861635,NO,2025-02-01,
NCT05150535,NO,2023-10-01,
NCT05901935,NO,2026-01,
NCT04108858,NO,2022-04-29,
NCT04337658,NO,2024-04-30,
NCT05659563,NO,2024-11,
NCT04874935,NO,2022-11-05,
NCT04631835,NO,2023-04-30,
NCT04895358,NO,2028-07-21,
NCT05932758,NO,2025-04-30,
NCT05038735,NO,2025-08-22,
NCT06025058,NO,2023-07-27,
NCT04421963,NO,2025-04-30,
NCT05622058,NO,2023-02-22,
NCT05090358,NO,2024-10-08,
NCT04843358,NO,2024-01-01,
NCT04327063,NO,2021-12-30,
NCT06061835,NO,2024-02-10,
NCT05240235,NO,2024-06-15,
NCT04355858,NO,2023-05-01,
NCT05911958,NO,2024-05-31,
NCT04586686,NO,2024-11-30,
NCT04867096,NO,2023-08,
NCT05587296,NO,2024-01-29,
NCT05584163,NO,2023-06,
NCT05713435,NO,2024-12,
NCT04969835,NO,2023-05-31,
NCT05402722,NO,2022-12-31,
NCT04249622,NO,2022-12-27,
NCT05553522,NO,2024-11-01,
NCT03730922,NO,2025-11,
NCT05223322,NO,2026-07-01,
NCT04612439,NO,2021-12-31,
NCT06120439,NO,2024-02-25,
NCT05483439,NO,2023-07-01,
NCT05698186,NO,2027-05-15,
NCT04205786,NO,2024-06-01,
NCT05412225,NO,2025-06-06,
NCT06020222,NO,2024-10-01,
NCT04395339,NO,2024-05-31,
NCT04862663,NO,2027-11-01,
NCT05277935,NO,2023-12-31,
NCT04331535,NO,2025-09-30,
NCT06162663,NO,2026-01,
NCT06107686,NO,2026-11,
NCT04574063,NO,2023-12,
NCT04796363,NO,2022-01-11,
NCT03978663,NO,2024-08,
NCT05189535,NO,2023-09-18,
NCT05512286,NO,2026-10-01,
NCT04478630,NO,2023-01-18,
NCT04330625,NO,2021-05-05,
NCT05619016,NO,2025-12-31,
NCT03878524,NO,2020-12-10,
NCT05873296,NO,2023-11-30,
NCT05982496,NO,2027-05-15,
NCT05770596,NO,2024-12-01,
NCT05232916,NO,2026-12,
NCT04601116,NO,2025-01-01,
NCT05716516,NO,2026-05,
NCT04858516,NO,2024-04-30,
NCT04889924,NO,2025-06-01,
NCT05386524,NO,2025-03-15,
NCT06102824,NO,2027-06-30,
NCT05346224,NO,2024-11-30,
NCT05233696,NO,2022-12-01,
NCT05132296,NO,2027-02-02,
NCT04789096,NO,2024-09-30,
NCT04504916,NO,2023-06-12,
NCT04568616,NO,2024-09,
NCT05512416,NO,2023-08,
NCT05680116,NO,2023-06-01,
NCT04871516,NO,2024-01-31,
NCT05298696,NO,2022-10-30,
NCT05036096,NO,2024-12-29,
NCT04707196,YES,2023-01-09,2023-10-31
NCT05294016,NO,2024-10-28,
NCT05609435,NO,2025-11,
NCT05238922,NO,2024-04-27,
NCT06172322,NO,2025-04,
NCT04957186,NO,2021-05-31,
NCT05382286,NO,2027-02,
NCT05841186,NO,2025-05-31,
NCT04665986,NO,2022-02-28,
NCT04577963,NO,2024-07,
NCT05574686,NO,2023-05-31,
NCT05448963,NO,2023-06-30,
NCT03981263,NO,2024-05,
NCT04586335,NO,2024-01-28,
NCT04494958,NO,2023-12-14,
NCT04604158,NO,2022-07-08,
NCT06112158,NO,2024-02-20,
NCT05501158,NO,2024-04-30,
NCT05328258,NO,2028-01-01,
NCT05938686,NO,2024-06-30,
NCT05239663,NO,2024-02-08,
NCT04121286,NO,2023-12,
NCT04448886,NO,2024-03-09,
NCT04537286,NO,2024-09-15,
NCT05426486,NO,2025-12-30,
NCT04626986,NO,2023-05-30,
NCT05079763,NO,2022-09,
NCT04509063,NO,2021-01-04,
NCT04879563,NO,2023-12-31,
NCT05226663,NO,2026-08-20,
NCT04736186,NO,2022-10-31,
NCT05003635,NO,2026-10,
NCT04639986,NO,2023-04-30,
NCT04289935,NO,2025-06,
NCT05774886,NO,2023-09-01,
NCT04762979,NO,2024-03,
NCT04320979,NO,2024-05,
NCT04509284,NO,2021-09-23,
NCT06136884,NO,2025-10-28,
NCT03560102,YES,2020-02-05,2021-09-23
NCT05011721,NO,2024-09,
NCT04035590,NO,2023-12,
NCT05132790,NO,2024-12-31,
NCT05889390,NO,2024-12-31,
NCT05975190,NO,2025-07-01,
NCT06067503,NO,2026-01,
NCT04541290,NO,2022-01-06,
NCT05530603,NO,2023-07-31,
NCT04367090,NO,2022-08-10,
NCT06187103,NO,2025-01,
NCT04965064,NO,2024-09-01,
NCT05461690,NO,2024-12-31,
NCT05901064,NO,2025-12-31,
NCT05465590,NO,2024-11,
NCT05019690,NO,2023-10-01,
NCT06006390,NO,2025-12-31,
NCT05973864,NO,2026-01,
NCT04438564,NO,2023-07-31,
NCT04237090,NO,2020-08-28,
NCT06218303,NO,2025-12-31,
NCT04508764,NO,2024-10-31,
NCT05694364,NO,2026-01,
NCT04205903,NO,2024-01-02,
NCT06127979,NO,2028-11,
NCT06035679,NO,2026-11-30,
NCT04925284,NO,2024-06-07,
NCT04555902,NO,2021-10-05,
NCT05234502,NO,2024-01-30,
NCT04791384,NO,2024-12,
NCT03946202,NO,2027-11-30,
NCT06115902,NO,2025-12,
NCT04712721,NO,2024-07-23,
NCT04665921,NO,2025-03-31,
NCT04592484,NO,2022-08-03,
NCT05451784,NO,2025-11-30,
NCT05286684,NO,2025-12,
NCT04514484,NO,2025-11-02,
NCT05142202,NO,2023-12-31,
NCT05262621,NO,2022-08-02,
NCT06264921,NO,2027-01,
NCT05094102,NO,2023-04-27,
NCT05914402,NO,2025-12-01,
NCT04246502,NO,2022-12,
NCT06222684,NO,2024-04-20,
NCT05447702,NO,2023-12-31,
NCT05022602,YES,2022-02-17,2023-01-19
NCT04621721,NO,2024-07-30,
NCT05675579,NO,2024-03-29,
NCT06078384,NO,2030-12-01,
NCT05300464,NO,2024-03-31,
NCT04300790,NO,2025-03-31,
NCT04530890,NO,2030-09,
NCT06003764,NO,2024-02-28,
NCT05222464,NO,2022-07-22,
NCT04766190,NO,2025-08-31,
NCT05772390,NO,2027-03,
NCT04450264,NO,2023-06-29,
NCT05252390,NO,2026-06,
NCT04215003,NO,2021-12-01,
NCT05409664,NO,2024-10-31,
NCT05074290,NO,2026-01,
NCT05474690,NO,2023-03-28,
NCT05865990,NO,2024-04,
NCT05438303,NO,2022-12-13,
NCT06254690,NO,2026-11-01,
NCT04720664,YES,2023-02-10,2023-03-15
NCT05834764,NO,2026-06-01,
NCT05378464,NO,2024-05,
NCT04914390,NO,2025-03-31,
NCT06103864,NO,2026-09-01,
NCT05862064,NO,2026-07-01,
NCT05101564,NO,2025-09,
NCT05293964,NO,2024-12-31,
NCT04222790,NO,2022-04-21,
NCT05509790,NO,2024-03-22,
NCT04741503,YES,2021-08-30,2022-08-02
NCT04913064,NO,2024-07-12,
NCT05027490,NO,2023-09-21,
NCT05360290,NO,2024-05,
NCT06032390,NO,2026-12,
NCT04890184,NO,2021-07-01,
NCT05963984,NO,2024-12-30,
NCT05410002,NO,2024-04-14,
NCT04783402,NO,2024-12-30,
NCT05887102,NO,2024-06,
NCT05927779,NO,2024-12-30,
NCT05059379,NO,2026-08,
NCT05524584,NO,2023-12-31,
NCT05032079,NO,2023-09-01,
NCT05966584,NO,2026-07,
NCT05429684,NO,2024-02-28,
NCT05232084,NO,2023-05-20,
NCT04368702,NO,2024-06-18,
NCT04916002,NO,2027-07-29,
NCT05458284,NO,2025-07,
NCT05969184,NO,2023-12-25,
NCT05656079,NO,2024-09,
NCT04683679,NO,2025-01,
NCT05199584,NO,2024-05,
NCT05967884,NO,2024-08-01,
NCT05791084,NO,2024-09-30,
NCT05011279,YES,2022-01-21,2022-12-28
NCT05314179,NO,2024-06,
NCT06112379,NO,2028-03-29,
NCT04927884,NO,2023-01-04,
NCT04536584,NO,2024-05-05,
NCT04260802,NO,2026-03-31,
NCT05677802,NO,2023-12-31,
NCT06183164,NO,2024-05-29,
NCT05546021,NO,2024-12,
NCT05351021,NO,2022-10-30,
NCT04521764,NO,2024-08-15,
NCT05018702,NO,2022-12-30,
NCT05494502,NO,2024-01,
NCT05216302,NO,2023-10-01,
NCT05931302,NO,2026-04,
NCT04893421,NO,2024-06-30,
NCT04373564,NO,2028-12-31,
NCT05699902,NO,2024-12-01,
NCT05512364,NO,2028-07-01,
NCT04568902,NO,2024-08-31,
NCT05458102,NO,2023-10-13,
NCT04849364,NO,2029-01-31,
NCT05085002,NO,2023-11-29,
NCT05299021,NO,2023-12-05,
NCT05881902,NO,2023-07-01,
NCT04877821,NO,2023-08-31,
NCT05027321,NO,2024-07,
NCT05730608,NO,2032-12-31,
NCT05500508,NO,2024-06-30,
NCT05287308,NO,2027-09,
NCT05698238,NO,2026-01,
NCT04872608,NO,2023-04-25,
NCT05069038,NO,2025-09-01,
NCT04248608,NO,2020-07-01,
NCT05045638,YES,2021-10-10,2022-10-03
NCT04693338,NO,2023-05-17,
NCT05605808,NO,2023-02-21,
NCT06060938,NO,2026-06-01,
NCT04983238,NO,2023-04-19,
NCT05560308,NO,2024-08-31,
NCT05832138,NO,2026-12,
NCT05806138,NO,2028-07-17,
NCT05503108,NO,2024-01-01,
NCT04920708,NO,2026-09,
NCT05417308,NO,2023-12-31,
NCT06225908,NO,2024-03-30,
NCT05327543,NO,2024-07,
NCT04480203,NO,2023-08-31,
NCT05916703,NO,2023-12,
NCT04819243,NO,2021-09-30,
NCT04869943,NO,2024-01-09,
NCT04081779,NO,2025-06-30,
NCT03975179,NO,2023-06,
NCT05955521,NO,2023-07-01,
NCT05708664,NO,2022-06-30,
NCT04646564,NO,2024-04-30,
NCT04879264,NO,2021-12-31,
NCT05336721,NO,2024-03-15,
NCT04767464,NO,2022-02-15,
NCT04303221,NO,2022-03-01,
NCT04659564,NO,2021-05-28,
NCT04836221,NO,2023-06-10,
NCT06238921,NO,2027-02,
NCT06144164,NO,2030-03-16,
NCT05000502,NO,2024-01-22,
NCT04946864,NO,2024-07-01,
NCT04481802,NO,2022-07,
NCT04741802,YES,2022-03-16,2023-01-24
NCT04990921,NO,2031-07-01,
NCT05949021,NO,2027-09-30,
NCT05382364,NO,2023-12-29,
NCT05227664,NO,2023-01-30,
NCT04437602,NO,2023-12-31,
NCT04983121,NO,2027-08-15,
NCT06279364,NO,2026-07,
NCT04986579,NO,2024-06-01,
NCT05870579,NO,2029-10-26,
NCT04478279,NO,2024-12,
NCT05115279,NO,2024-06-01,
NCT04134884,NO,2024-12-23,
NCT04809779,NO,2023-12,
NCT05650879,NO,2026-07,
NCT05605184,NO,2023-02,
NCT06225284,NO,2026-12,
NCT04657679,NO,2023-10-30,
NCT05610579,NO,2023-02-28,
NCT05420779,NO,2024-12-31,
NCT04261179,NO,2021-02,
NCT06222879,NO,2026-10-31,
NCT05489679,NO,2023-09-28,
NCT05633979,NO,2030-12-31,
NCT04109079,NO,2030-02-28,
NCT04764084,NO,2021-11-01,
NCT04862143,YES,2022-09-19,2023-06-21
NCT05020964,NO,2022-09-01,
NCT05828238,NO,2024-01,
NCT04576143,NO,2023-06-20,
NCT04936243,NO,2022-11-01,
NCT04746638,NO,2022-05-19,
NCT05198843,NO,2023-12-19,
NCT05470543,NO,2022-12-24,
NCT05454943,NO,2023-12-06,
NCT05869721,NO,2024-07-30,
NCT06150664,NO,2025-10,
NCT06046664,NO,2023-10-01,
NCT05732064,NO,2024-03,
NCT05954143,NO,2024-12,
NCT05401643,NO,2022-11-30,
NCT04829643,NO,2025-02-01,
NCT05441943,NO,2026-12-31,
NCT04697043,NO,2021-11-20,
NCT04158843,NO,2022-12-31,
NCT05297643,NO,2023-12-01,
NCT05860621,NO,2025-02,
NCT06275321,NO,2024-07-27,
NCT05636943,NO,2024-03-31,
NCT04141943,NO,2021-10,
NCT04539938,NO,2024-01-31,
NCT05415943,NO,2023-03-02,
NCT06056843,NO,2024-02-28,
NCT05167643,NO,2022-10-23,
NCT05365243,NO,2023-06-30,
NCT04348643,NO,2023-12-31,
NCT05700669,NO,2026-12,
NCT05275569,NO,2024-06-30,
NCT05318469,NO,2026-10,
NCT05501704,NO,2026-04-01,
NCT04544501,NO,2022-01-31,
NCT04989504,NO,2025-12-31,
NCT04147767,NO,2021-12-31,
NCT04826367,NO,2022-11-01,
NCT04472104,NO,2022-12-01,
NCT05932667,NO,2023-11-24,
NCT05453604,NO,2023-11,
NCT05663801,NO,2023-09-01,
NCT04042701,NO,2024-02-29,
NCT05567601,NO,2024-04-01,
NCT05673304,NO,2024-12-31,
NCT05726604,NO,2023-06-05,
NCT05552001,NO,2024-12-01,
NCT05981001,NO,2032-04-30,
NCT04751201,NO,2022-07-13,
NCT05040867,NO,2022-07-30,
NCT05378204,NO,2025-01,
NCT03982004,NO,2021-03-03,
NCT05431504,NO,2025-12,
NCT05041101,NO,2025-12-31,
NCT05705401,NO,2034-02-01,
NCT05525767,NO,2024-10-31,
NCT05272904,NO,2023-01-01,
NCT05496101,NO,2024-12-31,
NCT05664867,NO,2027-12,
NCT05137067,NO,2022-10-18,
NCT06086704,NO,2027-01,
NCT04762901,NO,2026-01,
NCT05130801,NO,2026-11,
NCT05960201,NO,2024-12-31,
NCT04669301,NO,2024-03-01,
NCT05280067,NO,2024-09,
NCT04219267,NO,2020-11-30,
NCT05179304,NO,2022-11,
NCT04648904,NO,2024-11,
NCT05365204,NO,2023-04-07,
NCT05789901,NO,2033-12-31,
NCT06048367,NO,2023-12-31,
NCT05144867,NO,2023-12-31,
NCT05444101,NO,2023-10-01,
NCT05838001,NO,2025-12-01,
NCT05261269,NO,2023-09-13,
NCT05512468,NO,2022-12-31,
NCT05892068,NO,2028-05-09,
NCT04891068,NO,2024-05,
NCT05703269,NO,2028-03-31,
NCT05953168,NO,2024-08,
NCT05263869,NO,2022-12,
NCT05840068,NO,2021-07-31,
NCT05424068,NO,2024-02-28,
NCT06103669,NO,2025-12-05,
NCT05501769,NO,2024-05-30,
NCT04768868,NO,2023-04-30,
NCT06200168,NO,2026-10-31,
NCT05751668,NO,2030-05-31,
NCT05165069,NO,2025-12-31,
NCT04251169,NO,2023-12-01,
NCT04644068,NO,2026-12-15,
NCT05920369,NO,2023-08-01,
NCT04520269,NO,2023-07,
NCT05060068,NO,2024-07-07,
NCT04920669,NO,2021-09-30,
NCT06059469,NO,2024-06,
NCT06027268,NO,2026-09,
NCT04753268,NO,2021-10-01,
NCT06246968,NO,2027-01-29,
NCT05002868,NO,2023-12,
NCT06099769,NO,2027-10,
NCT04316169,NO,2027-01,
NCT04789668,NO,2023-12-08,
NCT04974268,NO,2022-10-14,
NCT05957068,NO,2028-05-31,
NCT05923268,NO,2024-06-15,
NCT04770272,NO,2023-07-06,
NCT04829604,NO,2025-06,
NCT05568472,NO,2027-05-01,
NCT05658172,NO,2035-12,
NCT05587972,NO,2023-10-06,
NCT05041972,NO,2022-04-20,
NCT04507568,NO,2022-03-24,
NCT04265872,NO,2024-10-01,
NCT05782504,NO,2024-06-30,
NCT04902872,NO,2024-05,
NCT05575804,NO,2025-01-01,
NCT05728268,NO,2024-07-30,
NCT06061172,NO,2024-05-31,
NCT04262804,NO,2021-09-03,
NCT06169072,NO,2024-07-01,
NCT04880369,NO,2022-07,
NCT05497869,NO,2022-12-30,
NCT05461768,NO,2024-08,
NCT04755868,NO,2024-03,
NCT05373069,NO,2024-05,
NCT06215469,NO,2025-07-31,
NCT05215769,NO,2024-12-31,
NCT05914168,NO,2024-02,
NCT05837169,NO,2023-10-01,
NCT05929768,NO,2033-03-31,
NCT04252768,NO,2025-06,
NCT05033769,NO,2023-07-01,
NCT05196269,NO,2024-12,
NCT04365569,NO,2024-06-01,
NCT05945368,NO,2024-02-25,
NCT06100068,NO,2024-04-01,
NCT05825768,NO,2026-02-01,
NCT04200768,NO,2024-10-31,
NCT05622240,NO,2023-12-31,
NCT05823467,NO,2025-06-01,
NCT04999540,NO,2023-12-01,
NCT05130840,NO,2026-07,
NCT04330040,NO,2022-09-30,
NCT05562440,NO,2023-02-12,
NCT05328440,NO,2024-06-01,
NCT05939440,NO,2024-05-31,
NCT05812040,NO,2024-05-30,
NCT05189067,NO,2025-01-31,
NCT04817540,NO,2024-03-30,
NCT04464967,NO,2022-08,
NCT04752267,NO,2024-02-15,
NCT04456140,NO,2021-09-21,
NCT04948840,NO,2024-12-31,
NCT05759572,NO,2025-11-01,
NCT05194072,NO,2025-06-30,
NCT06185972,NO,2026-02-01,
NCT05067972,NO,2023-10-17,
NCT04224272,NO,2023-04-28,
NCT04606472,NO,2024-05,
NCT05191004,NO,2025-06,
NCT05021172,NO,2022-06-30,
NCT05717972,NO,2024-12-12,
NCT04216472,NO,2025-12-31,
NCT05490472,NO,2024-08,
NCT04123704,NO,2023-01-03,
NCT05613504,NO,2027-12-01,
NCT04459104,NO,2022-12-19,
NCT04881604,NO,2022-12-31,
NCT05063604,NO,2022-05-10,
NCT05673746,NO,2023-12,
NCT05252546,NO,2022-08-02,
NCT04398446,NO,2022-11-30,
NCT05754346,NO,2023-12-01,
NCT04582968,NO,2022-08-12,
NCT05741372,NO,2025-01-14,
NCT05649072,NO,2027-02-02,
NCT05073172,NO,2024-12-31,
NCT04504669,NO,2023-12-15,
NCT05526872,NO,2024-03-31,
NCT05538572,NO,2024-12,
NCT05255523,NO,2023-11-05,
NCT05545150,NO,2024-07-01,
NCT05338723,NO,2023-09-15,
NCT06058650,NO,2026-08-26,
NCT05582538,NO,2025-05,
NCT05056350,NO,2023-08-22,
NCT04717050,NO,2025-06-15,
NCT05460650,NO,2023-03-10,
NCT05445050,NO,2024-06-01,
NCT04779450,NO,2021-08,
NCT05663723,NO,2023-12-29,
NCT05386108,NO,2025-12,
NCT05577923,NO,2024-09-01,
NCT04606550,NO,2021-12-01,
NCT04796623,NO,2023-01-31,
NCT04535323,NO,2024-10-15,
NCT05520723,NO,2025-12-14,
NCT05654623,NO,2024-08-14,
NCT04348123,NO,2024-02,
NCT06269523,NO,2023-01-31,
NCT04073823,YES,2020-02-08,2020-12-02
NCT04343950,NO,2021-12-31,
NCT06095323,NO,2025-10-16,
NCT05425550,NO,2024-05-31,
NCT05022823,NO,2024-05-31,
NCT06136923,NO,2023-12-23,
NCT05396950,NO,2023-07,
NCT05321823,NO,2023-10-31,
NCT05469750,NO,2023-08,
NCT04457895,NO,2025-08,
NCT05780814,NO,2028-12-31,
NCT05191914,NO,2022-07-30,
NCT04862195,NO,2022-09-01,
NCT06177795,NO,2024-09-18,
NCT04906395,NO,2025-04-30,
NCT05634395,NO,2024-07-14,
NCT05257395,NO,2024-12,
NCT02201381,NO,2027-05-23,
NCT05716295,NO,2025-06,
NCT05594095,NO,2025-12-01,
NCT05755581,NO,2025-04-01,
NCT06056414,NO,2023-10-09,
NCT06220214,NO,2026-07-31,
NCT05301114,NO,2026-07-20,
NCT04379414,NO,2027-03-01,
NCT05314114,NO,2023-07,
NCT04993014,NO,2024-04-30,
NCT04440995,NO,2021-10-10,
NCT05827614,NO,2026-09-30,
NCT06199895,NO,2025-11,
NCT04990895,NO,2024-05-01,
NCT05690295,NO,2024-03,
NCT05429814,NO,2023-03-22,
NCT05301595,NO,2023-03,
NCT04499950,NO,2024-01-10,
NCT05935150,NO,2027-07-01,
NCT04215146,NO,2022-08-01,
NCT04827446,NO,2023-03-09,
NCT05759546,NO,2025-11-01,
NCT05412446,NO,2022-12-31,
NCT04342546,NO,2026-06,
NCT05162846,NO,2025-11,
NCT05892146,NO,2025-12-31,
NCT04588246,NO,2025-01-31,
NCT05445908,NO,2025-04,
NCT05285943,NO,2023-03,
NCT04574323,NO,2020-06-13,
NCT05239143,NO,2026-04,
NCT05295043,NO,2024-01-01,
NCT04391543,NO,2024-06-15,
NCT05146843,NO,2022-11-01,
NCT04440943,NO,2023-04-06,
NCT06044623,NO,2028-04,
NCT04430595,NO,2023-05-31,
NCT04400695,NO,2024-06-30,
NCT04963595,NO,2023-01-31,
NCT05219695,NO,2025-05,
NCT04535895,NO,2022-08-31,
NCT04667481,YES,2022-11-10,2023-11-09
NCT05494281,NO,2023-02-01,
NCT05933395,NO,2030-10,
NCT05900895,NO,2027-12,
NCT04482803,NO,2022-12-02,
NCT05726643,NO,2023-05-20,
NCT06055803,NO,2025-12-31,
NCT06084481,NO,2026-07-11,
NCT04927481,NO,2023-01-17,
NCT04936295,NO,2023-06-01,
NCT05491395,NO,2026-05-01,
NCT03542695,NO,2025-02-20,
NCT05076695,NO,2023-10-15,
NCT02562612,NO,2023-10,
NCT05161312,NO,2022-02-25,
NCT05414812,NO,2024-04-30,
NCT04551495,NO,2024-04,
NCT05525481,NO,2023-12-31,
NCT05663112,NO,2023-07-06,
NCT06116812,NO,2024-01-01,
NCT04508803,NO,2022-11-20,
NCT04659603,NO,2024-04-16,
NCT05089903,NO,2022-01-25,
NCT04692103,YES,2021-10-01,2022-12-21
NCT05574881,NO,2025-01-01,
NCT05862610,NO,2026-12-30,
NCT04328610,NO,2022-02-28,
NCT04487912,NO,2021-05-01,
NCT05755646,NO,2024-02-28,
NCT05224310,NO,2022-06-30,
NCT05760612,NO,2024-02-16,
NCT05438810,NO,2024-02-18,
NCT05082610,NO,2024-10,
NCT05766410,NO,2025-09-30,
NCT05390710,NO,2023-12-11,
NCT04842812,NO,2025-12-31,
NCT05505812,NO,2023-12-31,
NCT06064812,NO,2025-11,
NCT04319510,NO,2025-07,
NCT05939310,NO,2024-03-01,
NCT05872412,NO,2024-03-31,
NCT05230810,NO,2024-08-30,
NCT05447910,NO,2024-06-15,
NCT05798312,NO,2022-03-13,
NCT05075512,NO,2023-08-31,
NCT04389281,NO,2024-09,
NCT05792410,NO,2024-02-27,
NCT04136912,NO,2024-10,
NCT04236310,NO,2022-12-31,
NCT06281210,NO,2028-12-31,
NCT04584112,NO,2023-03-08,
NCT05852691,NO,2025-12-01,
NCT06107894,NO,2025-09,
NCT04685460,NO,2021-04-15,
NCT04832594,NO,2023-04-01,
NCT05720260,NO,2024-12-31,
NCT05076760,NO,2025-11,
NCT05362760,NO,2029-04,
NCT05665660,NO,2025-12,
NCT05371860,NO,2028-10,
NCT05880160,NO,2025-09,
NCT05491694,NO,2023-12-30,
NCT05291494,NO,2022-03-31,
NCT05422794,NO,2025-12-31,
NCT05627960,NO,2026-06,
NCT04873362,NO,2026-06-25,
NCT05638594,NO,2025-12-10,
NCT04142060,NO,2022-10-10,
NCT05692960,NO,2024-09-30,
NCT05399160,NO,2022-05-30,
NCT04583891,NO,2024-01-31,
NCT05766891,NO,2026-12-31,
NCT06167694,NO,2025-10-31,
NCT05313191,NO,2027-01,
NCT04174391,NO,2024-06,
NCT04293094,NO,2022-10-24,
NCT05150691,NO,2025-06,
NCT05910294,NO,2027-06,
NCT05020860,NO,2027-08,
NCT04590560,NO,2026-02,
NCT04736589,NO,2024-02-02,
NCT04288089,NO,2022-09-16,
NCT05303129,NO,2025-06,
NCT05176080,NO,2024-05-30,
NCT04630080,NO,2024-12-31,
NCT04720729,NO,2024-09,
NCT04579380,NO,2023-11-01,
NCT04579029,NO,2024-04,
NCT04858529,NO,2024-04-30,
NCT04000880,NO,2024-08-31,
NCT04341129,NO,2023-06-30,
NCT04350229,NO,2022-06-20,
NCT05928780,NO,2024-03-01,
NCT05522491,NO,2023-09-01,
NCT05467891,NO,2024-12,
NCT05304962,NO,2024-02-28,
NCT05935891,NO,2025-04-01,
NCT05076591,NO,2023-12,
NCT05959291,NO,2026-07-31,
NCT05449691,NO,2026-04-30,
NCT03930680,NO,2024-10-31,
NCT04024462,YES,2021-12-13,2022-12-06
NCT03811262,NO,2023-01,
NCT06010862,NO,2025-12-31,
NCT04949776,NO,2024-02,
NCT05169567,NO,2024-02-08,
NCT04653740,NO,2023-09,
NCT05449340,NO,2024-02-16,
NCT04489940,YES,2022-01-27,2023-01-25
NCT05372640,NO,2025-06-01,
NCT04434040,NO,2025-12-30,
NCT05537740,NO,2026-10-18,
NCT05420467,NO,2027-07-10,
NCT05576389,NO,2024-04-30,
NCT05712889,NO,2024-03,
NCT05898789,NO,2024-07,
NCT04629846,NO,2022-10,
NCT05641246,NO,2023-11-15,
NCT04315246,NO,2024-12-31,
NCT04120246,NO,2024-02-01,
NCT06144346,NO,2025-08-19,
NCT04606446,NO,2025-05-09,
NCT04235946,NO,2021-12-15,
NCT05296746,NO,2028-08-01,
NCT06182046,NO,2025-07-01,
NCT05656612,NO,2020-10-30,
NCT05680662,NO,2023-12-31,
NCT06001762,NO,2026-01-01,
NCT04561362,NO,2025-12,
NCT04734262,NO,2024-06-30,
NCT06259162,NO,2025-07-01,
NCT05646862,NO,2029-03-30,
NCT05181462,NO,2024-08,
NCT05932862,NO,2024-07-27,
NCT04459650,NO,2024-06,
NCT04675450,NO,2024-12-30,
NCT04585750,NO,2026-03-17,
NCT03749850,NO,2022-11,
NCT05970250,NO,2022-04-20,
NCT05364450,NO,2025-01-01,
NCT04088708,NO,2025-08-31,
NCT05821023,NO,2023-06-19,
NCT05743023,NO,2023-04-01,
NCT04899908,NO,2025-02,
NCT04501523,NO,2027-08,
NCT04968964,NO,2025-03-01,
NCT05416164,NO,2032-05,
NCT05559164,NO,2026-09-01,
NCT05296564,NO,2027-12-30,
NCT05904964,NO,2028-03-01,
NCT05826964,NO,2026-07-31,
NCT04245176,NO,2024-06-01,
NCT06140576,NO,2025-12-31,
NCT04876560,NO,2020-10-10,
NCT05071560,NO,2021-09-30,
NCT05408676,NO,2023-03-30,
NCT06132776,NO,2024-11-02,
NCT05042791,NO,2025-09-30,
NCT05483491,NO,2025-09-01,
NCT05297591,NO,2025-02,
NCT05122494,NO,2024-02,
NCT04996836,NO,2022-12,
NCT05302336,NO,2024-12-30,
NCT04261218,NO,2022-07-04,
NCT04425018,NO,2024-07-01,
NCT05339113,NO,2022-09,
NCT05873036,NO,2023-06-01,
NCT05016349,NO,2021-10,
NCT05753618,NO,2025-10,
NCT04498013,NO,2022-04-01,
NCT06015113,NO,2026-04,
NCT04805736,NO,2023-04-30,
NCT04890613,NO,2024-12,
NCT06153836,NO,2025-11-10,
NCT05112536,NO,2022-10-31,
NCT05727813,NO,2023-01-16,
NCT04270136,NO,2023-09-12,
NCT06112613,NO,2027-01-31,
NCT04371913,NO,2025-12-31,
NCT05504213,NO,2023-07-31,
NCT05618613,NO,2024-12-31,
NCT05603013,NO,2024-01-01,
NCT04851613,NO,2023-04-27,
NCT05012813,NO,2024-12-31,
NCT04485013,NO,2023-12-31,
NCT05035836,NO,2024-12-29,
NCT03988036,NO,2022-05-31,
NCT05386719,NO,2025-06-01,
NCT04336917,NO,2021-02-05,
NCT05296317,NO,2025-09-02,
NCT05905341,NO,2026-04-14,
NCT04714619,NO,2021-09-02,
NCT04625517,YES,2022-06-15,2023-06-02
NCT05870241,NO,2023-09-30,
NCT04972019,NO,2022-09-30,
NCT05384119,NO,2024-06-28,
NCT05689619,NO,2025-09-01,
NCT04225117,NO,2026-09-30,
NCT04339517,NO,2025-08-30,
NCT04281641,NO,2025-04-30,
NCT04802941,NO,2024-03-30,
NCT05037019,NO,2021-11,
NCT05163106,NO,2023-12-01,
NCT05368506,NO,2024-09-30,
NCT06025799,NO,2023-12-01,
NCT04427449,NO,2023-05-31,
NCT04450706,NO,2024-08,
NCT05958199,NO,2026-01,
NCT04190342,NO,2021-02-22,
NCT04557449,NO,2026-08-19,
NCT04197206,NO,2020-04-29,
NCT04954599,NO,2026-02,
NCT04560699,NO,2024-03-15,
NCT06145399,NO,2026-10-24,
NCT04754399,NO,2023-10-10,
NCT04882306,NO,2022-08-15,
NCT04903249,YES,2022-06-10,2023-05-17
NCT05042999,NO,2022-01-07,
NCT05029999,NO,2025-04-20,
NCT05439499,NO,2024-09-20,
NCT05440149,NO,2026-12-31,
NCT05974449,NO,2024-07-31,
NCT06126406,NO,2025-12-31,
NCT04744506,NO,2023-07-15,
NCT06006299,NO,2024-09-01,
NCT05438706,NO,2023-11-10,
NCT04942899,NO,2024-08-01,
NCT04441099,NO,2023-08-14,
NCT04335006,NO,2023-04-14,
NCT06006806,NO,2026-07-07,
NCT05941299,NO,2024-12-31,
NCT05193149,NO,2028-06-30,
NCT06247449,NO,2025-06-01,
NCT06151249,NO,2025-11-30,
NCT05754749,NO,2024-10,
NCT06105749,NO,2029-12,
NCT04713917,NO,2024-02-01,
NCT04602117,NO,2021-11-17,
NCT05341141,NO,2026-08,
NCT05306041,NO,2026-10,
NCT04316117,NO,2027-08-31,
NCT04568941,NO,2021-05-01,
NCT05400941,NO,2025-07,
NCT04147819,NO,2023-08-21,
NCT04726319,NO,2022-06-30,
NCT04408118,NO,2023-12-07,
NCT06202313,NO,2025-12-30,
NCT05057013,NO,2026-09,
NCT04222413,NO,2026-12-31,
NCT06183736,NO,2025-06-30,
NCT06101849,NO,2024-07-30,
NCT04345913,NO,2024-12-31,
NCT03658213,NO,2021-11-04,
NCT04879849,NO,2024-02-18,
NCT05264649,NO,2022-07-20,
NCT04772118,NO,2021-10-07,
NCT05975736,NO,2027-09-01,
NCT03492918,NO,2023-04,
NCT06259513,NO,2033-02-28,
NCT04305236,YES,2022-02-16,2022-08-24
NCT05403736,NO,2024-03-31,
NCT04443413,NO,2024-06-01,
NCT05396118,NO,2024-08,
NCT04481113,NO,2024-06-30,
NCT04563013,NO,2022-04-30,
NCT06058936,NO,2024-05-30,
NCT05452213,NO,2024-10,
NCT04925817,NO,2024-04,
NCT04241341,NO,2026-01,
NCT04038619,NO,2025-04-30,
NCT04733118,NO,2025-09,
NCT04722718,NO,2022-12-31,
NCT05969041,NO,2027-08-31,
NCT04842617,NO,2026-10-31,
NCT04973319,NO,2027-08-01,
NCT04669119,NO,2021-12-31,
NCT06165419,NO,2026-05-31,
NCT05455619,NO,2026-03,
NCT05785741,NO,2026-08-31,
NCT04947917,NO,2023-04-13,
NCT05395117,NO,2022-09-12,
NCT04132817,NO,2022-08-15,
NCT04424641,YES,2021-10-29,2022-10-16
NCT05907941,NO,2025-09,
NCT06164119,NO,2025-12,
NCT04080934,NO,2025-08-21,
NCT05585034,NO,2027-12,
NCT06207734,NO,2027-01-10,
NCT04740918,NO,2024-04-30,
NCT04480619,NO,2022-08-30,
NCT05241119,NO,2023-10-31,
NCT05156606,NO,2024-01-03,
NCT04875806,NO,2024-10,
NCT04901299,NO,2024-07-01,
NCT05366699,NO,2025-06-01,
NCT05215106,NO,2026-06,
NCT05388149,NO,2025-07,
NCT05451849,NO,2023-11-28,
NCT05232006,NO,2024-09,
NCT04578106,NO,2023-12,
NCT05877599,NO,2026-08,
NCT04471142,NO,2022-06-30,
NCT05582499,NO,2024-09,
NCT05234606,NO,2022-03-31,
NCT04924699,NO,2023-09,
NCT04691999,NO,2023-08,
NCT05382299,NO,2027-05,
NCT04430842,NO,2022-09-21,
NCT05452499,NO,2023-01-09,
NCT04531917,NO,2024-04,
NCT05131841,NO,2022-12-30,
NCT05068141,NO,2022-10-01,
NCT05048641,NO,2023-05-31,
NCT04733417,NO,2022-08-30,
NCT05558917,NO,2023-09-07,
NCT05787834,NO,2028-10-16,
NCT06000917,NO,2025-05-11,
NCT05101096,NO,2025-04,
NCT05357417,NO,2024-05,
NCT05966441,NO,2023-12-15,
NCT04997941,NO,2023-12-31,
NCT05586841,NO,2024-11-30,
NCT04303741,NO,2022-11-30,
NCT06130241,NO,2025-01-01,
NCT04821141,NO,2026-07-31,
NCT04360941,NO,2025-07-31,
NCT05278741,NO,2025-05-25,
NCT04722341,NO,2026-06-30,
NCT05139641,NO,2027-12,
NCT05297617,NO,2029-11,
NCT05189717,NO,2024-10-31,
NCT04999917,NO,2023-12-31,
NCT05658341,NO,2024-11,
NCT06277141,NO,2024-02-28,
NCT04514419,NO,2021-11-20,
NCT05216718,NO,2022-12-31,
NCT05683418,NO,2025-12,
NCT05949541,NO,2026-07,
NCT04230941,YES,2021-04-01,2022-12-20
NCT05460819,NO,2027-07-31,
NCT04673019,NO,2022-02-28,
NCT04418219,NO,2023-01-01,
NCT04188119,NO,2024-09-30,
NCT05882019,NO,2023-09,
NCT03820141,NO,2024-09,
NCT05243641,NO,2028-12-31,
NCT06082141,NO,2024-06,
NCT04622319,NO,2025-12-31,
NCT05134519,NO,2024-09-30,
NCT04094519,NO,2020-12-27,
NCT04232319,NO,2020-07,
NCT04397419,NO,2022-12-01,
NCT05871918,NO,2023-12-31,
NCT04639219,YES,2023-01-25,2024-01-22
NCT06152419,NO,2024-12-31,
NCT04262219,YES,2020-10-12,2022-10-13
NCT05130606,NO,2025-12-31,
NCT04270149,NO,2024-03-01,
NCT05878106,NO,2025-04-20,
NCT04141449,NO,2025-09-30,
NCT05430399,NO,2025-06-01,
NCT04659499,NO,2022-06,
NCT05607849,NO,2024-09-01,
NCT04674306,NO,2024-05-01,
NCT05900206,NO,2026-06-01,
NCT04240106,NO,2022-11-17,
NCT05077449,NO,2024-05,
NCT04402606,NO,2024-07-25,
NCT05063136,NO,2024-09,
NCT05841849,NO,2028-07,
NCT05787249,NO,2024-09,
NCT04799249,NO,2024-06-30,
NCT06018337,NO,2025-12,
NCT04921137,NO,2023-09,
NCT04741737,NO,2024-01-31,
NCT04243837,NO,2022-09-09,
NCT05313737,NO,2022-08-31,
NCT05924152,NO,2023-08-09,
NCT04454437,NO,2021-08-06,
NCT04267315,NO,2023-11-30,
NCT04979715,NO,2021-12-19,
NCT06274515,NO,2027-01-28,
NCT04719455,NO,2022-12-31,
NCT05592938,NO,2027-06-27,
NCT04642508,NO,2023-11,
NCT04596150,NO,2023-06-02,
NCT06135714,NO,2026-11-08,
NCT06046755,NO,2024-10-03,
NCT06049355,NO,2028-06-30,
NCT05676255,NO,2027-06,
NCT04770714,NO,2024-01,
NCT06274814,NO,2024-04-01,
NCT05072314,NO,2027-07,
NCT05786014,NO,2025-01-15,
NCT04052555,NO,2024-11-20,
NCT05984914,NO,2023-10,
NCT06120595,NO,2023-11-01,
NCT04894955,NO,2023-01-26,
NCT05998655,NO,2024-03,
NCT05633914,NO,2024-12-01,
NCT05851014,NO,2026-01-30,
NCT05981014,NO,2030-12-31,
NCT04627714,NO,2022-06,
NCT03295695,NO,2021-12,
NCT05573555,NO,2026-04-06,
NCT05207514,NO,2024-03,
NCT06214195,NO,2026-12-01,
NCT03832855,NO,2024-03-01,
NCT05309655,NO,2024-12,
NCT04584255,NO,2024-07-17,
NCT05953350,NO,2023-12-31,
NCT05323955,NO,2024-04,
NCT04582955,NO,2022-12,
NCT04576455,YES,2022-02-18,2023-02-13
NCT05013255,NO,2023-04,
NCT06070155,NO,2023-12,
NCT05588414,NO,2024-07-15,
NCT05303038,NO,2024-04-01,
NCT04874038,NO,2024-01-01,
NCT05448638,NO,2023-05-05,
NCT04277338,NO,2021-02-10,
NCT05465408,NO,2024-04-30,
NCT05327608,NO,2024-05-01,
NCT06016738,NO,2026-06-30,
NCT05845138,NO,2024-12-31,
NCT06096623,NO,2026-05,
NCT05260723,NO,2023-04-07,
NCT05823623,NO,2023-12,
NCT04929808,NO,2023-06-13,
NCT03979508,NO,2024-07-31,
NCT06148038,NO,2025-09-30,
NCT06065423,NO,2022-09-01,
NCT04736108,NO,2022-10,
NCT05436808,NO,2024-08,
NCT05534438,NO,2025-09-06,
NCT04975308,NO,2024-04-30,
NCT04398108,NO,2021-04-27,
NCT04931823,NO,2025-03-01,
NCT05187338,NO,2024-10-30,
NCT05037708,NO,2022-07-01,
NCT04541108,NO,2031-12,
NCT05390723,NO,2023-09-01,
NCT05159323,NO,2022-08-19,
NCT06161181,NO,2023-12-30,
NCT05464810,NO,2025-04-15,
NCT05008510,NO,2022-07-30,
NCT03928210,NO,2023-12-01,
NCT04541381,NO,2027-10-01,
NCT03613181,NO,2024-12,
NCT04689581,NO,2021-01-10,
NCT06197581,NO,2026-09-15,
NCT04629612,NO,2021-11-30,
NCT04630210,NO,2025-01-31,
NCT04383210,NO,2025-01,
NCT05301881,NO,2035-04-01,
NCT04534010,NO,2024-04-15,
NCT05583110,NO,2026-08,
NCT04550910,NO,2021-06-01,
NCT04636710,NO,2024-12-01,
NCT05452681,NO,2023-09-30,
NCT05334810,NO,2023-12-31,
NCT05720910,NO,2025-08,
NCT05094310,NO,2022-10-31,
NCT03713255,NO,2023-12-31,
NCT04761055,NO,2025-01,
NCT05715255,NO,2027-04-30,
NCT05841355,NO,2027-08-31,
NCT04732455,NO,2022-06-08,
NCT05498155,NO,2024-04-08,
NCT04752150,NO,2021-12-20,
NCT06199050,NO,2025-06-30,
NCT06212414,NO,2025-03,
NCT06210438,NO,2025-06-30,
NCT05816538,NO,2025-05,
NCT05163223,NO,2025-08,
NCT05381038,NO,2026-10-04,
NCT05392608,NO,2024-12,
NCT04922008,NO,2024-06-30,
NCT05338281,NO,2025-08,
NCT04950010,NO,2022-07-15,
NCT05963412,NO,2022-10-30,
NCT04638712,NO,2021-05-20,
NCT05245812,NO,2024-02,
NCT05291910,NO,2024-12-31,
NCT05098210,NO,2024-11-01,
NCT05148910,NO,2022-09-10,
NCT05346510,NO,2022-09-01,
NCT05976412,NO,2031-05-31,
NCT05841381,NO,2028-05-06,
NCT05269381,NO,2025-02-24,
NCT06057610,NO,2027-10,
NCT06075810,NO,2024-10-01,
NCT04924010,NO,2023-03-01,
NCT05374512,NO,2025-12-03,
NCT04927910,NO,2022-03-29,
NCT04537312,NO,2023-12-31,
NCT05259410,NO,2025-03-01,
NCT04214210,NO,2024-12-31,
NCT04063410,NO,2024-12-31,
NCT04165512,NO,2020-03,
NCT05919212,NO,2024-06-01,
NCT04754412,NO,2026-04-01,
NCT05483712,NO,2023-11-21,
NCT04650581,NO,2024-06-30,
NCT05016310,NO,2024-07,
NCT05769010,NO,2025-10-30,
NCT06239467,NO,2026-06-01,
NCT06184867,NO,2024-12-29,
NCT05212701,NO,2023-06,
NCT04272801,NO,2024-03-01,
NCT05632601,NO,2024-05-24,
NCT06229067,NO,2025-01-19,
NCT05780567,NO,2026-12,
NCT04024267,NO,2024-11-30,
NCT05684367,NO,2025-08,
NCT03606967,NO,2024-12-31,
NCT05032404,NO,2021-10-26,
NCT05464667,NO,2026-08,
NCT05911867,NO,2023-09-15,
NCT05837767,NO,2026-07-24,
NCT04282967,NO,2023-03-30,
NCT05795101,NO,2027-12-01,
NCT05607004,NO,2026-02,
NCT04741204,NO,2022-09,
NCT06251401,NO,2024-12,
NCT05259267,NO,2022-10,
NCT04915755,NO,2025-03-12,
NCT04883814,NO,2023-12-15,
NCT05969314,NO,2023-12-31,
NCT05161195,NO,2029-08-06,
NCT06256055,NO,2025-03,
NCT04824014,NO,2025-12-31,
NCT05872295,NO,2025-09,
NCT05735795,NO,2024-03-27,
NCT04690855,YES,2022-02-18,2023-04-24
NCT05704855,NO,2023-09-30,
NCT05058495,NO,2021-12-01,
NCT05816655,NO,2028-12-31,
NCT05364255,NO,2022-06-20,
NCT04398914,NO,2022-12-30,
NCT05760755,NO,2024-05-31,
NCT04281355,NO,2025-12-31,
NCT05546255,NO,2022-12-01,
NCT04572295,NO,2024-12-31,
NCT05631795,NO,2024-11-15,
NCT05809895,NO,2029-07-17,
NCT03983395,NO,2020-07-24,
NCT05722795,NO,2024-06-30,
NCT05251714,NO,2025-08,
NCT05708950,NO,2024-06-30,
NCT04436744,YES,2021-07-06,2022-11-21
NCT04738292,NO,2023-04-03,
NCT05030792,NO,2022-05-16,
NCT04807192,NO,2023-09,
NCT05218044,NO,2026-11-01,
NCT06144944,NO,2026-06-30,
NCT04529044,NO,2022-12-31,
NCT05518292,NO,2022-12-01,
NCT05472792,NO,2024-05-17,
NCT04907344,NO,2025-06-30,
NCT05864144,NO,2027-06,
NCT04764292,NO,2024-01-31,
NCT04142892,NO,2021-04-30,
NCT05874492,NO,2025-10,
NCT04902144,YES,2021-12-31,2022-12-18
NCT04149444,NO,2020-06-09,
NCT05887492,NO,2025-01,
NCT05376644,NO,2022-12-31,
NCT04556292,NO,2022-03-30,
NCT04215744,NO,2021-12,
NCT05081492,NO,2024-09-22,
NCT04009044,NO,2024-01-31,
NCT03804944,NO,2025-12,
NCT04213001,NO,2020-01-31,
NCT04282044,NO,2025-08,
NCT03619044,NO,2021-06-11,
NCT04678544,NO,2021-08-27,
NCT04540692,NO,2026-04,
NCT04722692,NO,2026-12-30,
NCT05763992,NO,2025-05-15,
NCT05821244,NO,2023-11-01,
NCT05488444,NO,2023-10-17,
NCT05103644,NO,2023-12-30,
NCT04589468,NO,2024-10-02,
NCT04965246,NO,2024-11,
NCT05023967,NO,2025-11-20,
NCT04090567,NO,2025-03-31,
NCT04256512,NO,2023-01-18,
NCT05463601,NO,2023-12-01,
NCT05341492,NO,2025-05-01,
NCT05813392,NO,2024-08,
NCT04947189,NO,2024-07,
NCT04482244,NO,2023-06-18,
NCT05427344,NO,2027-08-30,
NCT04278144,NO,2025-01-31,
NCT05056844,NO,2024-04-30,
NCT06142344,NO,2025-10-19,
NCT04535492,NO,2022-06-30,
NCT06229392,NO,2025-12-31,
NCT05515289,NO,2023-08-28,
NCT05007444,NO,2023-06-01,
NCT04899492,NO,2023-09,
NCT05708144,NO,2023-10-30,
NCT05511844,NO,2025-04,
NCT04137640,NO,2025-11-30,
NCT04202640,NO,2023-12-07,
NCT05601440,NO,2027-12-31,
NCT06137833,NO,2024-09-27,
NCT05142787,NO,2024-12-31,
NCT04416087,NO,2024-12-31,
NCT05353387,NO,2022-10-30,
NCT05045287,NO,2025-04-30,
NCT06085833,NO,2025-10,
NCT05625087,NO,2028-07,
NCT05651087,NO,2023-02-28,
NCT05315687,NO,2025-07-31,
NCT04562987,NO,2022-07-07,
NCT05635487,NO,2024-02-28,
NCT05787587,NO,2025-06,
NCT05490433,NO,2030-06,
NCT04681287,NO,2021-11-04,
NCT04669587,NO,2023-01-31,
NCT05914831,NO,2026-05-31,
NCT04717531,NO,2023-06-01,
NCT04160182,NO,2020-09-01,
NCT05324020,NO,2022-11-30,
NCT04498520,NO,2025-06-30,
NCT06026631,NO,2023-12-01,
NCT05227131,NO,2024-10,
NCT04886531,NO,2024-01-04,
NCT04440982,NO,2024-01,
NCT05322720,NO,2023-03,
NCT05686720,NO,2024-02-01,
NCT04142931,NO,2021-12-30,
NCT05406531,NO,2025-01,
NCT03954431,NO,2026-12,
NCT06146231,NO,2024-04,
NCT06235931,NO,2025-12-01,
NCT06051331,NO,2024-05-22,
NCT04170920,NO,2022-04-29,
NCT05465031,NO,2027-12,
NCT05888831,NO,2025-05-21,
NCT04760431,NO,2024-09-30,
NCT04150731,NO,2022-10-25,
NCT05123482,NO,2025-06-30,
NCT05492682,NO,2025-06,
NCT05444231,NO,2025-06-01,
NCT05049031,NO,2022-02-01,
NCT04542382,NO,2024-12,
NCT05132582,NO,2024-10-31,
NCT05184582,NO,2025-12,
NCT04771520,NO,2025-02-03,
NCT04861220,NO,2023-12-30,
NCT05656131,NO,2025-03-30,
NCT05578820,NO,2023-12,
NCT05086731,NO,2023-12-31,
NCT05051631,NO,2024-08,
NCT05770531,NO,2027-10-01,
NCT05921331,NO,2025-07-01,
NCT04692831,NO,2024-11-30,
NCT04282031,NO,2024-03-05,
NCT05912231,NO,2025-09-17,
NCT04784182,YES,2022-05-01,2023-08-01
NCT04456920,NO,2023-11-20,
NCT04683120,NO,2022-08-03,
NCT04107636,NO,2023-12,
NCT05159518,NO,2023-12-06,
NCT05004142,NO,2021-12-30,
NCT04899349,YES,2023-05-10,2023-11-22
NCT05311618,NO,2024-03,
NCT05565534,NO,2025-12,
NCT06078670,NO,2026-06,
NCT05025059,NO,2023-12-31,
NCT04821375,NO,2024-06-30,
NCT04301375,NO,2027-07-15,
NCT04906200,NO,2024-08-31,
NCT05082259,NO,2026-03-16,
NCT05775575,NO,2023-12,
NCT05628870,NO,2024-06-30,
NCT05946759,NO,2024-02,
NCT05673200,NO,2027-02-23,
NCT05216900,NO,2023-11-01,
NCT06008275,NO,2025-06,
NCT06162559,NO,2026-08,
NCT04252859,NO,2024-06-30,
NCT06059300,NO,2025-01-01,
NCT04795349,NO,2022-12,
NCT05172518,NO,2027-03-01,
NCT04781959,NO,2023-10,
NCT04514159,NO,2022-10-24,
NCT04802759,NO,2026-04-30,
NCT06022900,NO,2023-04-17,
NCT05103917,NO,2022-11-24,
NCT05468034,NO,2027-12,
NCT05954442,NO,2025-08,
NCT05901142,NO,2024-06,
NCT04520386,NO,2022-06-30,
NCT04777786,NO,2023-03-31,
NCT06115486,NO,2027-01,
NCT06192225,NO,2025-11-01,
NCT05241925,NO,2025-12-30,
NCT06015100,NO,2023-08-31,
NCT05205200,NO,2025-02-01,
NCT05021900,NO,2023-03-31,
NCT05233800,NO,2024-03,
NCT04372459,NO,2022-06-30,
NCT04565600,NO,2021-04-22,
NCT05064670,NO,2024-09,
NCT05229575,NO,2022-10-10,
NCT04856475,NO,2021-11-24,
NCT04020575,NO,2025-01,
NCT04983875,NO,2026-03-31,
NCT05792475,NO,2023-06-14,
NCT04742959,NO,2024-02-01,
NCT05510700,NO,2025-06,
NCT04252300,NO,2020-08-29,
NCT06053775,NO,2025-09,
NCT04805775,NO,2022-09-09,
NCT04524000,NO,2025-01-31,
NCT04818359,NO,2024-05-31,
NCT05761470,NO,2024-06-30,
NCT04207359,NO,2023-03-07,
NCT05190770,NO,2026-12-15,
NCT05749575,NO,2023-08,
NCT05739175,NO,2023-12-15,
NCT04296175,NO,2024-06,
NCT05394259,NO,2025-01-01,
NCT04739670,NO,2025-09,
NCT05992870,NO,2025-07-08,
NCT04778670,NO,2022-06-09,
NCT05350059,NO,2022-09-01,
NCT04691375,NO,2023-10-28,
NCT05744375,NO,2027-07-01,
NCT06065059,NO,2025-12,
NCT05802342,NO,2024-12-31,
NCT04608175,NO,2022-11,
NCT05694559,NO,2027-02-02,
NCT05143970,NO,2024-03,
NCT04745975,NO,2023-01,
NCT04584775,NO,2022-04,
NCT05303675,NO,2022-08-01,
NCT06081959,NO,2026-03-31,
NCT06121570,NO,2026-08-31,
NCT05519059,NO,2022-09-29,
NCT05886075,NO,2025-03,
NCT05726175,NO,2024-07-31,
NCT06174259,NO,2024-06-01,
NCT05253170,NO,2027-12-31,
NCT06230575,NO,2025-06-15,
NCT05629949,NO,2022-12-31,
NCT04333706,NO,2025-11-03,
NCT05555706,NO,2024-03-01,
NCT05508906,NO,2024-08-31,
NCT04724499,NO,2024-12-31,
NCT06098599,NO,2023-02-09,
NCT04166799,NO,2024-12,
NCT04273542,NO,2029-05,
NCT04491942,NO,2024-12-31,
NCT05759949,NO,2024-06-22,
NCT05595499,NO,2025-05-15,
NCT04079049,NO,2029-12-31,
NCT04824599,NO,2022-05-01,
NCT05007106,NO,2027-02-22,
NCT05898399,NO,2026-05-14,
NCT04332549,NO,2021-01-28,
NCT05401942,NO,2023-05,
NCT05278806,NO,2023-04-30,
NCT05180006,NO,2024-02,
NCT04152499,NO,2024-11,
NCT06270706,NO,2025-06,
NCT04923542,NO,2024-12-31,
NCT05957042,NO,2026-09-01,
NCT04191499,NO,2023-09-29,
NCT05070299,NO,2022-08-29,
NCT05409352,NO,2025-05,
NCT04698252,NO,2024-04-01,
NCT05723237,NO,2023-08-15,
NCT04726332,NO,2024-06,
NCT05871437,NO,2024-10,
NCT05266937,NO,2024-07-03,
NCT04480437,NO,2021-12-13,
NCT06105632,NO,2025-12-16,
NCT04913532,NO,2023-12-31,
NCT05472532,NO,2024-12-14,
NCT05883852,NO,2031-07-01,
NCT05164952,NO,2023-08-30,
NCT05329532,NO,2026-04-04,
NCT05325632,NO,2025-01-31,
NCT05140252,NO,2023-09-14,
NCT05187832,NO,2026-05,
NCT04054752,NO,2023-11-01,
NCT04389632,NO,2024-07-31,
NCT05654532,NO,2024-07-31,
NCT05909332,NO,2029-05-30,
NCT04818632,NO,2023-09-07,
NCT05411432,NO,2023-06-01,
NCT05177432,NO,2025-01-03,
NCT05334732,NO,2025-01-31,
NCT06087237,NO,2024-06-30,
NCT04985552,NO,2022-10,
NCT04961632,NO,2025-11,
NCT04827459,NO,2022-08-08,
NCT04354675,NO,2024-06-01,
NCT04888975,NO,2021-12-31,
NCT06126575,NO,2024-11-18,
NCT05590559,NO,2022-12-31,
NCT04646759,NO,2028-12-14,
NCT05935059,NO,2024-01,
NCT04767659,NO,2022-01-27,
NCT05047575,NO,2022-07-28,
NCT06133959,NO,2025-10-01,
NCT05388500,NO,2030-12-15,
NCT04314700,NO,2021-10-31,
NCT04752059,NO,2023-05-01,
NCT05556200,NO,2025-09-01,
NCT06178159,NO,2024-12,
NCT05625659,NO,2025-01-01,
NCT05716542,NO,2024-11-30,
NCT05457842,NO,2022-09-02,
NCT04150042,NO,2025-12,
NCT05810870,NO,2025-07,
NCT05080842,NO,2024-01-30,
NCT05383170,NO,2024-11,
NCT05142475,NO,2023-12-20,
NCT05292742,NO,2026-10-01,
NCT04605575,NO,2023-08-01,
NCT04553770,NO,2025-09-30,
NCT04296370,NO,2022-06-30,
NCT04383275,NO,2025-05-15,
NCT04379570,NO,2025-10,
NCT05613270,NO,2023-12-31,
NCT05800275,NO,2026-12,
NCT04680442,NO,2024-01-01,
NCT04452370,NO,2022-07-11,
NCT04812652,NO,2023-10-01,
NCT06234137,NO,2025-07-31,
NCT04913337,NO,2025-02,
NCT05809752,NO,2026-03,
NCT06260332,NO,2024-08-30,
NCT05327452,NO,2024-12-31,
NCT04481932,NO,2022-06,
NCT06028152,NO,2024-01-31,
NCT04669132,NO,2021-12-17,
NCT04450732,NO,2024-03-01,
NCT05285332,NO,2030-12-31,
NCT05216432,NO,2025-01-31,
NCT04903652,NO,2022-02-01,
NCT05800132,NO,2025-05,
NCT04228432,NO,2021-07-21,
NCT05150652,NO,2026-10,
NCT05174832,NO,2023-12-01,
NCT04855552,NO,2025-07,
NCT05866432,NO,2026-05-23,
NCT05340413,NO,2024-04,
NCT04258813,NO,2025-03-31,
NCT05747313,NO,2023-06-01,
NCT05614518,NO,2022-06-02,
NCT05595213,NO,2024-06,
NCT04993313,NO,2024-09-30,
NCT05123118,NO,2023-10-30,
NCT04487236,NO,2023-12-30,
NCT05535413,NO,2023-07,
NCT03775213,YES,2022-01-31,2022-12-02
NCT02627313,NO,2021-12,
NCT04366713,YES,2021-12-28,2022-11-23
NCT04891718,NO,2022-06-05,
NCT04159818,NO,2022-12-15,
NCT05562518,NO,2026-03-01,
NCT04262518,NO,2020-08,
NCT06202118,NO,2026-01,
NCT05042687,NO,2024-12-31,
NCT04197687,NO,2025-01-15,
NCT05744687,NO,2024-08-18,
NCT06016387,NO,2025-10-05,
NCT05093387,NO,2022-11-10,
NCT05985187,NO,2023-01-08,
NCT06015087,NO,2024-07,
NCT04647487,NO,2022-11-11,
NCT04553133,NO,2025-01-07,
NCT06024187,NO,2024-05-31,
NCT05868187,NO,2023-12-31,
NCT05653752,NO,2024-12,
NCT06268652,NO,2026-02-15,
NCT05608252,NO,2027-12-31,
NCT04674852,NO,2021-07-26,
NCT05395052,NO,2023-08-11,
NCT06186700,NO,2024-04-05,
NCT04651452,NO,2025-12-31,
NCT06085742,NO,2034-09,
NCT04296942,YES,2021-10-22,2021-12-09
NCT05115799,NO,2023-12-01,
NCT04983342,NO,2025-12,
NCT04892342,NO,2025-02,
NCT05577442,NO,2023-10-20,
NCT04787042,NO,2024-06-30,
NCT05523609,NO,2024-09,
NCT05780307,NO,2024-03-10,
NCT05131607,NO,2023-07-03,
NCT04563507,NO,2024-10-31,
NCT04343807,NO,2024-07-30,
NCT05173415,NO,2025-01,
NCT05976815,NO,2026-08-01,
NCT04303715,NO,2027-12-31,
NCT05550415,NO,2024-08,
NCT05520515,NO,2024-08-30,
NCT04454515,NO,2024-07-01,
NCT04644315,YES,2022-05-16,2023-04-21
NCT05447949,NO,2022-03-15,
NCT05395936,NO,2024-02,
NCT05645536,NO,2028-06,
NCT05999149,NO,2025-08-30,
NCT04266249,NO,2026-10-31,
NCT06057636,NO,2024-07-31,
NCT03730818,NO,2023-03-08,
NCT04356209,NO,2024-06-30,
NCT04297007,NO,2021-01-20,
NCT06171607,NO,2024-11-05,
NCT04546009,NO,2025-03-31,
NCT04720209,NO,2025-06-15,
NCT04937309,NO,2024-02-15,
NCT06195709,NO,2028-08-15,
NCT05207709,NO,2026-03-01,
NCT04217109,NO,2023-04-25,
NCT05448209,NO,2023-07-06,
NCT05265715,NO,2023-12-10,
NCT04850937,NO,2021-04-10,
NCT05535452,NO,2024-02-06,
NCT04538742,NO,2025-01-31,
NCT05762900,NO,2025-10-25,
NCT04680715,NO,2027-06,
NCT05305937,NO,2024-05-31,
NCT04711252,NO,2026-08-24,
NCT05240937,NO,2022-07-15,
NCT06052852,NO,2026-03,
NCT05374915,NO,2024-12-30,
NCT04144907,NO,2024-12-31,
NCT06193707,NO,2026-12,
NCT04254107,NO,2023-12-01,
NCT04824807,NO,2023-02-14,
NCT05860907,NO,2025-10,
NCT04549207,NO,2024-11,
NCT04579107,NO,2024-04-01,
NCT04547907,NO,2023-12-31,
NCT05291507,NO,2025-08-01,
NCT06131515,NO,2023-12,
NCT04467515,NO,2023-12-11,
NCT04931615,NO,2024-01-01,
NCT04784715,NO,2025-03-28,
NCT06052085,NO,2025-02-15,
NCT04316156,NO,2021-11-17,
NCT05243056,NO,2023-12-31,
NCT04639609,NO,2021-09-06,
NCT04176809,NO,2025-04,
NCT05574907,NO,2023-10-31,
NCT05890287,NO,2026-05-01,
NCT04315233,NO,2024-08,
NCT04852887,NO,2026-01,
NCT04261387,NO,2022-06-16,
NCT06224387,NO,2025-07-31,
NCT05816187,NO,2023-09,
NCT04354233,NO,2024-06,
NCT05403333,NO,2023-03-09,
NCT05615753,NO,2025-05-31,
NCT04586751,NO,2022-03-31,
NCT05555251,NO,2024-02-07,
NCT03463954,NO,2025-09-30,
NCT04871854,NO,2022-07-26,
NCT05670054,NO,2023-10-15,
NCT06125353,NO,2022-05-31,
NCT05633654,NO,2027-06,
NCT05181033,NO,2025-08,
NCT05949333,NO,2025-01,
NCT04101851,NO,2028-01,
NCT04936451,NO,2023-04-14,
NCT05911854,NO,2023-05-06,
NCT05489354,NO,2023-03-30,
NCT04745754,NO,2024-05-31,
NCT05814354,NO,2025-01-30,
NCT05212454,NO,2025-12,
NCT05837533,NO,2024-12,
NCT04248257,NO,2025-12,
NCT05721248,NO,2026-02,
NCT05853848,NO,2024-06,
NCT04616248,NO,2025-01-09,
NCT05367830,NO,2024-10-30,
NCT04993430,NO,2024-12-31,
NCT04837248,NO,2024-02-28,
NCT05632848,NO,2024-12-31,
NCT04827030,NO,2023-06-14,
NCT06074757,NO,2023-09-10,
NCT04440930,NO,2023-03-28,
NCT04973930,NO,2024-12-31,
NCT03940248,NO,2021-07-08,
NCT04443348,NO,2024-06,
NCT04841148,NO,2024-11,
NCT05904730,NO,2024-09-24,
NCT04432857,NO,2024-05-15,
NCT05711030,NO,2024-09-01,
NCT05638048,NO,2022-12-31,
NCT05263882,NO,2023-12,
NCT05665920,NO,2027-10-18,
NCT04796220,NO,2024-08,
NCT06143020,NO,2023-12-28,
NCT05860582,NO,2022-11-14,
NCT05431582,NO,2022-12-14,
NCT04200482,NO,2021-08-24,
NCT05215574,NO,2025-07,
NCT04265274,NO,2022-01-01,
NCT05808582,NO,2023-09-01,
NCT04703920,NO,2024-07,
NCT05107674,NO,2024-08-31,
NCT04355520,NO,2021-06,
NCT04199520,NO,2022-05-01,
NCT03959774,NO,2022-12-30,
NCT06253182,NO,2024-09-30,
NCT05076682,NO,2022-12,
NCT05533320,NO,2023-11-14,
NCT05692674,NO,2028-09-01,
NCT04136782,NO,2025-11-30,
NCT04896320,NO,2023-06-19,
NCT05242874,NO,2023-08-15,
NCT04191382,YES,2021-04-30,2022-05-27
NCT05486182,NO,2024-12,
NCT04716920,NO,2021-07-21,
NCT04595565,NO,2027-03-30,
NCT04503265,NO,2025-01,
NCT05309265,NO,2023-09,
NCT04933266,NO,2024-12-31,
NCT04756765,NO,2024-03,
NCT04926766,NO,2023-12-10,
NCT05251766,NO,2022-12-30,
NCT05180474,NO,2026-01-31,
NCT04737265,NO,2025-05,
NCT05305365,NO,2025-02,
NCT05693766,NO,2027-08-31,
NCT05704166,NO,2024-12-31,
NCT05258526,NO,2023-12-30,
NCT05429866,NO,2024-06-01,
NCT05676866,NO,2025-06-01,
NCT05896566,NO,2026-06-01,
NCT06290466,NO,2023-02-08,
NCT05104866,NO,2025-08-15,
NCT05876065,NO,2025-02,
NCT04140526,NO,2024-06-30,
NCT05206526,NO,2021-09-15,
NCT04929548,NO,2022-01-05,
NCT06149130,NO,2025-11-30,
NCT04320030,NO,2021-07-21,
NCT05968157,NO,2024-09-01,
NCT04350957,NO,2020-08-24,
NCT04351230,NO,2022-02-16,
NCT04759248,NO,2023-12-24,
NCT05283330,NO,2024-08,
NCT04176757,NO,2021-04-27,
NCT04673448,NO,2024-09-01,
NCT04509648,NO,2023-12-30,
NCT04699630,NO,2025-11,
NCT05414357,NO,2027-03,
NCT05755048,NO,2025-07-30,
NCT05166148,NO,2022-04-28,
NCT05263648,NO,2024-09,
NCT05677048,NO,2025-10-31,
NCT06133348,NO,2025-12,
NCT05952557,NO,2030-03-04,
NCT06121557,NO,2026-12-31,
NCT05744557,NO,2025-04-30,
NCT05047848,NO,2022-06-18,
NCT05579366,NO,2025-01,
NCT05217966,NO,2025-12-31,
NCT05504148,NO,2023-06-25,
NCT04843865,NO,2024-04,
NCT05753865,NO,2024-09-01,
NCT05409248,NO,2023-07,
NCT06065748,NO,2026-07-30,
NCT04522557,NO,2021-07-14,
NCT04319757,NO,2024-06,
NCT04523857,NO,2027-12,
NCT05470348,NO,2024-08,
NCT04644848,NO,2022-01,
NCT05397457,NO,2025-08-01,
NCT05978648,NO,2026-12-31,
NCT04656457,NO,2021-03-01,
NCT04522648,NO,2026-12,
NCT05097248,NO,2024-10,
NCT06005025,NO,2024-03-30,
NCT06019325,NO,2024-08,
NCT05720039,NO,2025-12,
NCT00455039,NO,2023-07-31,
NCT04435639,NO,2021-04-30,
NCT05957939,NO,2024-12-31,
NCT04803539,NO,2028-09-01,
NCT04570722,NO,2023-01-09,
NCT06223022,NO,2025-10-31,
NCT06125522,NO,2026-08-03,
NCT04560439,NO,2023-06-15,
NCT05453825,NO,2024-04-15,
NCT04705025,NO,2023-03-30,
NCT05760222,NO,2024-05-25,
NCT04778839,NO,2023-03-01,
NCT04175639,NO,2024-11-30,
NCT02850939,NO,2022-03-31,
NCT05198622,NO,2022-10-01,
NCT06152822,NO,2024-11-30,
NCT04102722,NO,2020-11,
NCT06176339,NO,2024-08-30,
NCT04824339,NO,2022-12-31,
NCT05035173,NO,2024-01,
NCT05054374,NO,2023-10-26,
NCT04965766,NO,2024-01-11,
NCT04672265,NO,2022-08-31,
NCT05896865,NO,2025-03-16,
NCT04985266,NO,2027-09-01,
NCT04613674,NO,2023-07-30,
NCT05629065,NO,2024-03-01,
NCT04329065,NO,2024-10-30,
NCT05860465,NO,2025-03-01,
NCT04750473,NO,2024-12-31,
NCT05020574,NO,2025-12-31,
NCT04959474,NO,2025-11-01,
NCT04213365,NO,2021-11-02,
NCT05325866,NO,2025-09-08,
NCT04808674,NO,2025-07-17,
NCT05113966,NO,2023-06,
NCT04817566,NO,2024-06,
NCT05696626,NO,2025-06,
NCT04517266,NO,2025-10-30,
NCT05725265,NO,2024-07-31,
NCT04941365,NO,2024-03,
NCT05867966,NO,2024-12-31,
NCT04253366,NO,2021-08-20,
NCT05868226,NO,2026-12-30,
NCT06061666,NO,2024-01-20,
NCT04247126,NO,2023-01-31,
NCT05289466,NO,2026-02,
NCT05253066,NO,2022-07-31,
NCT04940026,NO,2021-08-19,
NCT05771974,NO,2025-02,
NCT06106165,NO,2024-10,
NCT05424666,NO,2024-03-01,
NCT04478266,YES,2022-06-28,2023-06-13
NCT05838066,NO,2026-07,
NCT06195865,NO,2028-12-31,
NCT06194565,NO,2023-12-30,
NCT05753657,NO,2026-12-31,
NCT05471648,NO,2023-01-24,
NCT04481230,NO,2022-07-28,
NCT05939830,NO,2024-07,
NCT04606030,NO,2023-12-30,
NCT05566457,NO,2023-01-01,
NCT05595330,NO,2020-11-27,
NCT05025748,NO,2022-08-31,
NCT04387630,NO,2022-06-05,
NCT04619030,NO,2021-12-30,
NCT05088057,NO,2024-08-19,
NCT05861830,NO,2025-12-31,
NCT05365230,NO,2026-07,
NCT04360330,NO,2024-05,
NCT05333874,NO,2027-11-28,
NCT05600582,NO,2024-09-30,
NCT05574920,NO,2023-10-31,
NCT05825482,NO,2025-11,
NCT04837820,NO,2025-04,
NCT06188520,NO,2025-06-18,
NCT04640220,NO,2021-12-31,
NCT04567420,NO,2023-12-15,
NCT05354882,NO,2023-07,
NCT05979220,NO,2024-06-30,
NCT05164874,NO,2024-02,
NCT04464174,NO,2023-11-10,
NCT04836520,NO,2023-02-28,
NCT05486520,NO,2023-10-15,
NCT05563220,NO,2024-12-31,
NCT03972020,NO,2022-09-30,
NCT05807074,NO,2024-09-30,
NCT05359874,NO,2023-03,
NCT04594473,NO,2023-12-01,
NCT05114720,NO,2025-12,
NCT06084689,NO,2026-07-01,
NCT04671329,YES,2022-04-18,2023-06-21
NCT05460780,NO,2024-07-31,
NCT04896580,NO,2023-05-17,
NCT03978780,NO,2024-09,
NCT04258280,NO,2024-12-31,
NCT05645380,NO,2024-12,
NCT04491591,NO,2022-09-02,
NCT05190094,NO,2024-01,
NCT05429294,NO,2024-05-31,
NCT04544189,NO,2026-01-23,
NCT04881929,NO,2022-11-15,
NCT04403529,NO,2024-05-31,
NCT05735080,NO,2025-12,
NCT04228991,NO,2025-09-30,
NCT05880394,NO,2024-07-31,
NCT05134194,NO,2023-04-30,
NCT05663294,NO,2029-12,
NCT04433494,NO,2023-05,
NCT04815291,NO,2025-02,
NCT04036994,NO,2022-06-30,
NCT05365191,NO,2023-04-07,
NCT04328194,NO,2022-05-01,
NCT05655494,NO,2024-12-19,
NCT05453591,NO,2023-12,
NCT05593094,NO,2023-10-30,
NCT03554044,NO,2025-04-30,
NCT05846789,NO,2026-12,
NCT05940844,NO,2025-04,
NCT04261244,NO,2030-06-30,
NCT04930692,NO,2023-03-01,
NCT05843292,NO,2024-12-31,
NCT04363892,NO,2022-07,
NCT05086692,NO,2026-06-30,
NCT06224244,NO,2024-06-01,
NCT04445844,NO,2024-01-30,
NCT06033092,NO,2025-07-31,
NCT06255392,NO,2031-03,
NCT04493892,NO,2021-12-15,
NCT05273944,NO,2022-03-31,
NCT04517292,NO,2022-07-30,
NCT05089292,NO,2022-12-13,
NCT05602792,NO,2023-07,
NCT05535192,NO,2026-09-30,
NCT04918589,NO,2024-08,
NCT04500262,NO,2024-03-31,
NCT05773391,NO,2023-08,
NCT05731791,NO,2026-12,
NCT05747794,NO,2026-10-31,
NCT04434560,YES,2021-06-17,2022-06-10
NCT05503160,NO,2024-12,
NCT04446494,NO,2021-09-30,
NCT06281860,NO,2025-12-01,
NCT04437160,NO,2026-01,
NCT04781062,NO,2023-12,
NCT04614194,NO,2024-04-15,
NCT04550494,NO,2024-12-01,
NCT04708860,NO,2022-08-30,
NCT05969860,NO,2025-01-01,
NCT04326660,NO,2021-12-30,
NCT05269160,NO,2025-01,
NCT05983094,NO,2026-09-01,
NCT04877860,NO,2024-01,
NCT04932460,NO,2023-07-15,
NCT05176860,NO,2023-07-30,
NCT05326360,NO,2021-10-31,
NCT05806060,NO,2025-08-31,
NCT04198727,NO,2024-10,
NCT06020573,NO,2024-03-31,
NCT05530876,NO,2021-12-02,
NCT05757427,NO,2024-10-31,
NCT04469127,NO,2024-08-30,
NCT05927727,NO,2022-04-01,
NCT05799976,NO,2023-11,
NCT05548127,NO,2025-12-03,
NCT04802876,NO,2025-09-30,
NCT04967976,NO,2023-08-01,
NCT05113927,NO,2024-11,
NCT05376527,NO,2023-07-15,
NCT05429489,NO,2023-12-27,
NCT05983380,NO,2024-03-31,
NCT04914780,NO,2022-10-01,
NCT04787029,NO,2023-04-30,
NCT05143229,NO,2024-12,
NCT04862429,NO,2022-12,
NCT05673629,NO,2025-06-15,
NCT03989089,NO,2023-04-01,
NCT05209529,NO,2028-09-06,
NCT05704829,NO,2026-06,
NCT04660929,NO,2023-07,
NCT05512780,NO,2023-08-10,
NCT04395989,NO,2023-05-31,
NCT04507789,NO,2021-03-10,
NCT05203029,NO,2022-05-20,
NCT05639829,NO,2021-07-28,
NCT04789889,NO,2024-02-28,
NCT04664829,NO,2024-09-30,
NCT05337280,NO,2023-01-04,
NCT04947280,NO,2025-12-31,
NCT06022029,NO,2026-04-30,
NCT04307329,NO,2023-05-01,
NCT05344729,NO,2021-08-30,
NCT04073680,NO,2021-07-15,
NCT06125080,NO,2025-10-30,
NCT05629429,NO,2025-12-31,
NCT04331067,NO,2023-03-20,
NCT04249167,NO,2021-11-17,
NCT03955627,NO,2024-12,
NCT05349227,NO,2024-12,
NCT05288127,NO,2024-06,
NCT06081127,NO,2024-06,
NCT04946227,NO,2022-12,
NCT06013527,NO,2024-04,
NCT06107673,NO,2024-12-01,
NCT05796973,NO,2025-12-31,
NCT04824027,NO,2024-01,
NCT05708573,NO,2023-03-23,
NCT05186727,NO,2022-08-31,
NCT05556473,NO,2024-12-31,
NCT05911373,NO,2024-01-01,
NCT05622227,NO,2023-12-31,
NCT05128773,YES,2022-10-13,2023-03-31
NCT05673694,NO,2025-11-07,
NCT06042894,NO,2025-12,
NCT05417594,NO,2025-04-16,
NCT05322460,NO,2023-06,
NCT05978960,NO,2024-05-20,
NCT05000294,NO,2024-12,
NCT06023576,NO,2027-08-18,
NCT05440227,NO,2022-12,
NCT04675827,NO,2027-06,
NCT04444427,NO,2022-07-29,
NCT05585476,NO,2023-03,
NCT04227327,NO,2023-12,
NCT04432727,YES,2021-11-19,2023-02-06
NCT05588973,NO,2023-06,
NCT05018676,NO,2022-12-30,
NCT04669873,NO,2025-12-07,
NCT04389073,NO,2022-12-31,
NCT04556773,NO,2023-08-16,
NCT04353973,NO,2024-06-30,
NCT04095689,NO,2024-06,
NCT04300829,NO,2022-09-09,
NCT05928429,NO,2023-11-30,
NCT06210529,NO,2024-03-30,
NCT05726929,NO,2023-12-08,
NCT05322889,NO,2023-06,
NCT05496829,NO,2026-03-31,
NCT05634889,NO,2028-12-31,
NCT06171789,NO,2027-02,
NCT06245889,NO,2029-06,
NCT05896189,NO,2027-02-28,
NCT05959889,NO,2024-04-30,
NCT04616729,NO,2025-11-30,
NCT05509829,NO,2023-09-01,
NCT05411380,NO,2024-04-01,
NCT05120180,NO,2024-01-31,
NCT04340180,NO,2024-03-31,
NCT04502680,NO,2023-06,
NCT05433480,NO,2023-12-31,
NCT05554380,NO,2025-08-31,
NCT05484180,NO,2022-09-11,
NCT04262180,NO,2023-12-19,
NCT05208762,NO,2025-07-31,
NCT04808362,NO,2024-08,
NCT05099562,NO,2022-12-01,
NCT05178927,NO,2023-09-30,
NCT06009627,NO,2025-03-11,
NCT05391373,NO,2022-05-31,
NCT05797727,NO,2023-11-30,
NCT04554927,NO,2023-09-03,
NCT04879927,NO,2022-10-01,
NCT05350527,NO,2025-01-01,
NCT03651973,NO,2025-08-31,
NCT05138627,NO,2021-05-17,
NCT06215027,NO,2025-07-01,
NCT05340673,NO,2024-06-21,
NCT05012176,NO,2023-12-31,
NCT05456373,NO,2024-08-31,
NCT05512260,NO,2023-08-31,
NCT05161260,NO,2023-06-30,
NCT05390476,NO,2024-02-01,
NCT05721976,NO,2024-05-31,
NCT05257876,NO,2023-08-12,
NCT03990896,NO,2023-12-31,
NCT05417516,NO,2029-11,
NCT04861896,NO,2022-10-25,
NCT04330716,NO,2023-12-31,
NCT04826016,NO,2022-03-16,
NCT04763824,NO,2024-07,
NCT05637216,NO,2027-08-17,
NCT04554316,NO,2023-06-15,
NCT05804916,NO,2027-04-01,
NCT04457596,NO,2028-01,
NCT06046716,NO,2023-09-13,
NCT04585724,NO,2021-09-13,
NCT04477616,NO,2022-10-06,
NCT05574816,NO,2023-08-30,
NCT05765916,NO,2023-07-30,
NCT04469296,NO,2025-03,
NCT05749016,NO,2023-07-01,
NCT05455658,NO,2024-04-30,
NCT06243796,NO,2024-06-01,
NCT04739696,NO,2024-09-30,
NCT04149522,NO,2023-08-31,
NCT05441722,NO,2024-01,
NCT04674722,NO,2023-12-31,
NCT03324425,NO,2028-12,
NCT06016725,NO,2024-08-01,
NCT05350722,NO,2025-03,
NCT05444725,NO,2022-09-05,
NCT04301739,NO,2022-09-07,
NCT05181722,NO,2023-07-17,
NCT04781725,NO,2022-03-01,
NCT04768426,NO,2026-02,
NCT05860374,NO,2025-03-02,
NCT04751435,NO,2026-08-31,
NCT05406635,NO,2024-12-01,
NCT04715958,NO,2026-05-31,
NCT06121258,NO,2024-08-01,
NCT05720858,NO,2023-05-30,
NCT04711824,NO,2024-03,
NCT06219434,NO,2024-05-01,
NCT04493034,NO,2024-06-01,
NCT06125834,NO,2025-04-30,
NCT04964934,NO,2025-01-10,
NCT04019834,NO,2021-11-25,
NCT05560334,NO,2024-09-08,
NCT05130580,NO,2027-02-02,
NCT04758780,NO,2024-03,
NCT04706962,NO,2024-12,
NCT05524480,NO,2024-09-29,
NCT04158362,NO,2024-12,
NCT05861362,NO,2022-11-17,
NCT05726162,NO,2023-12-30,
NCT05529862,NO,2026-04-01,
NCT04259762,NO,2024-08,
NCT04991480,NO,2025-08,
NCT04118062,NO,2023-05-26,
NCT05388734,NO,2024-01,
NCT06274034,NO,2025-01-31,
NCT05565417,NO,2025-04,
NCT05514717,NO,2027-04,
NCT05748834,NO,2026-07,
NCT06227117,NO,2025-12,
NCT05607017,NO,2024-10-01,
NCT05258539,NO,2027-04-01,
NCT05894239,NO,2028-10-31,
NCT05900986,NO,2024-05,
NCT05782686,NO,2024-06-16,
NCT05768139,NO,2026-06-01,
NCT04496739,NO,2024-06-01,
NCT05501886,NO,2024-09-30,
NCT05821686,NO,2024-04,
NCT05269186,NO,2024-05-01,
NCT04690439,NO,2028-02,
NCT05063786,NO,2026-06,
NCT05848739,NO,2026-05-31,
NCT06053086,NO,2028-10,
NCT04509596,NO,2024-01,
NCT05790096,NO,2024-06,
NCT04305496,NO,2022-08-15,
NCT05154396,NO,2023-12-31,
NCT04257396,NO,2024-07-31,
NCT04136496,NO,2023-08,
NCT04712396,NO,2021-03-25,
NCT04391296,NO,2024-06-30,
NCT06091696,NO,2024-07-01,
NCT04961996,NO,2025-12-19,
NCT04298918,YES,2021-02-04,2021-10-08
NCT05361018,NO,2023-09-25,
NCT04692818,NO,2024-12-31,
NCT05700019,NO,2023-01-19,
NCT04852419,NO,2022-06-23,
NCT06103318,NO,2025-04-07,
NCT04499118,NO,2021-08,
NCT05856773,NO,2038-02,
NCT05460273,NO,2023-12-18,
NCT05335473,NO,2025-05-01,
NCT03982173,NO,2024-09,
NCT04489173,NO,2023-09,
NCT05092373,NO,2026-09-01,
NCT06015126,NO,2025-01,
NCT05981326,NO,2028-04,
NCT04262466,NO,2024-02,
NCT05255666,NO,2027-01-31,
NCT05720026,NO,2025-08-29,
NCT05747326,NO,2023-06-01,
NCT05337657,NO,2023-12-12,
NCT05085626,NO,2023-10-31,
NCT05473026,NO,2023-07-25,
NCT05879926,NO,2032-01,
NCT05408260,NO,2024-06,
NCT05079360,NO,2024-03-30,
NCT05345860,NO,2024-03-24,
NCT06180460,NO,2025-04-30,
NCT04672460,NO,2022-02-04,
NCT04178460,NO,2022-03-02,
NCT04220476,NO,2025-12-31,
NCT04506476,NO,2024-08-01,
NCT05989776,NO,2025-12,
NCT04736576,NO,2023-03-24,
NCT05573126,NO,2024-12,
NCT04505826,NO,2024-06,
NCT05103826,NO,2023-06-15,
NCT05183126,NO,2024-05,
NCT04568226,NO,2023-09-30,
NCT05530057,NO,2024-02-28,
NCT04118140,NO,2022-05-17,
NCT05544240,NO,2023-12-31,
NCT05904340,NO,2023-10-22,
NCT04144140,NO,2022-07-26,
NCT06126640,NO,2030-04,
NCT05306340,NO,2024-10-03,
NCT06212440,NO,2025-12-31,
NCT05810025,NO,2024-05,
NCT05670925,NO,2023-09-01,
NCT04303325,NO,2023-10-30,
NCT06011525,NO,2025-09-03,
NCT04294225,NO,2022-12-12,
NCT05824325,NO,2025-04-10,
NCT05802225,NO,2024-01-22,
NCT04494425,NO,2024-02-26,
NCT05746325,NO,2026-03-01,
NCT05114525,NO,2021-10-12,
NCT04394325,NO,2022-06-01,
NCT05928325,NO,2024-12-31,
NCT05982626,NO,2024-02-16,
NCT04982926,NO,2025-05,
NCT05793957,NO,2023-09-28,
NCT06266026,NO,2028-12,
NCT05505357,NO,2026-06,
NCT06275126,NO,2026-08,
NCT04442126,NO,2024-02-06,
NCT05331326,NO,2023-12,
NCT04555057,NO,2021-12-31,
NCT06085274,NO,2025-04-30,
NCT05710666,NO,2025-09-30,
NCT05721326,NO,2024-01-01,
NCT04293276,NO,2021-08-23,
NCT05885776,NO,2024-03-30,
NCT05491226,NO,2025-12-01,
NCT06043466,NO,2026-12-31,
NCT05067530,NO,2025-01-01,
NCT05192525,NO,2022-10-30,
NCT05084625,NO,2024-12,
NCT05756725,NO,2024-01-04,
NCT05423730,NO,2023-07-31,
NCT04460430,NO,2021-11-29,
NCT04533373,NO,2024-12-31,
NCT05297773,NO,2024-04-30,
NCT05318274,NO,2026-03-30,
NCT04431674,NO,2023-06-21,
NCT05458674,NO,2023-11-26,
NCT05464173,NO,2025-02-01,
NCT04818125,NO,2022-07-29,
NCT04541225,NO,2022-08-31,
NCT05165225,NO,2023-09-30,
NCT04116125,NO,2023-06-30,
NCT04993625,NO,2028-12-31,
NCT04334330,NO,2023-12-30,
NCT04990856,NO,2022-12-31,
NCT05346107,NO,2022-12-31,
NCT05360407,NO,2021-08-30,
NCT05180656,NO,2022-07-27,
NCT04158856,NO,2023-05-31,
NCT04190056,YES,2023-06-15,2023-07-19
NCT05206656,NO,2022-04-30,
NCT05176756,NO,2024-02-01,
NCT03779685,NO,2021-03-01,
NCT04893109,NO,2025-05-01,
NCT05914415,NO,2023-12-30,
NCT04397185,NO,2024-07,
NCT04477109,NO,2022-12-31,
NCT04495309,NO,2023-06-30,
NCT05432856,NO,2026-06,
NCT04965909,NO,2024-12-01,
NCT04230109,NO,2025-10,
NCT04837209,NO,2025-04-01,
NCT03832985,NO,2024-06-30,
NCT04838756,NO,2024-11-12,
NCT05596409,NO,2024-02,
NCT04449809,NO,2022-09,
NCT05560685,NO,2024-07-01,
NCT04652609,NO,2025-01-01,
NCT05064085,NO,2024-12-09,
NCT04958785,NO,2024-08,
NCT04255056,NO,2021-02-01,
NCT04177056,NO,2022-03-01,
NCT04925856,NO,2030-05-26,
NCT05262400,NO,2026-09-13,
NCT05955170,NO,2026-12-19,
NCT05110170,NO,2022-04-05,
NCT05519670,NO,2027-09,
NCT06278870,NO,2031-06-30,
NCT04794075,NO,2024-08,
NCT04771975,NO,2021-12-30,
NCT04917900,NO,2023-08-30,
NCT04461600,YES,2022-03-23,2023-11-23
NCT04171700,YES,2022-06-08,2023-05-31
NCT06165900,NO,2025-12-15,
NCT04842799,NO,2022-09-01,
NCT05041842,NO,2025-03-30,
NCT05704842,NO,2025-12-22,
NCT04174352,NO,2024-12,
NCT05278871,NO,2023-08-31,
NCT05738993,NO,2023-04-30,
NCT04511871,NO,2024-03-29,
NCT05750693,NO,2023-09-01,
NCT04072393,NO,2025-03-31,
NCT04293393,NO,2023-06-21,
NCT05221593,NO,2022-04-01,
NCT05547932,NO,2023-04-13,
NCT05073432,NO,2023-03-15,
NCT04763915,NO,2027-12,
NCT04752332,NO,2024-02-09,
NCT05463952,NO,2023-05-04,
NCT05038137,NO,2024-05-01,
NCT05131815,NO,2023-07-06,
NCT04244552,NO,2023-11-01,
NCT05129332,NO,2023-12-31,
NCT04418115,NO,2024-06-01,
NCT04424732,NO,2023-06-01,
NCT05677737,NO,2023-05-28,
NCT05361837,NO,2024-03-15,
NCT05415215,NO,2024-08-05,
NCT04986852,NO,2025-02-28,
NCT04148937,NO,2021-05-12,
NCT04571437,NO,2021-10-31,
NCT04541537,NO,2021-12-09,
NCT04727632,NO,2024-04-30,
NCT06110832,NO,2023-08-25,
NCT04458532,NO,2025-07,
NCT05283837,NO,2024-07-31,
NCT05716893,NO,2028-01-30,
NCT04294628,NO,2024-12-31,
NCT05690828,NO,2024-06-01,
NCT05918328,NO,2025-05-03,
NCT03873428,NO,2025-10-18,
NCT05554211,NO,2024-12,
NCT05569811,NO,2025-03-31,
NCT05183828,NO,2024-12-31,
NCT05258461,NO,2022-10-07,
NCT05333328,NO,2028-01,
NCT04995328,NO,2022-08-26,
NCT04610528,NO,2022-01-30,
NCT05891093,NO,2028-05-31,
NCT05159193,NO,2024-10-30,
NCT04892693,NO,2023-05-10,
NCT04454528,NO,2024-08,
NCT03847311,NO,2025-01-02,
NCT03924011,NO,2021-03-01,
NCT05022511,NO,2022-12-01,
NCT05052437,NO,2021-01-13,
NCT05286437,NO,2025-12-31,
NCT06027632,NO,2028-06,
NCT05125432,NO,2022-11-30,
NCT05601037,NO,2024-12-27,
NCT04694885,NO,2024-12-30,
NCT03740256,NO,2024-12-30,
NCT04197856,NO,2023-12-31,
NCT04551885,NO,2023-08-11,
NCT05726656,NO,2023-11,
NCT04895709,NO,2025-04-10,
NCT04427215,NO,2020-12-30,
NCT05806385,NO,2027-01,
NCT05122585,NO,2022-02-09,
NCT05856656,NO,2025-09,
NCT04418856,NO,2023-07,
NCT05169437,NO,2024-06-01,
NCT05682885,NO,2024-07,
NCT05033756,NO,2024-01,
NCT06217185,NO,2025-12-11,
NCT04705909,NO,2021-09-15,
NCT05659056,NO,2024-04,
NCT04650256,NO,2024-12-31,
NCT04291378,NO,2027-06-01,
NCT05603078,NO,2026-07-19,
NCT04348188,NO,2020-11,
NCT05044988,NO,2022-12-31,
NCT05878678,NO,2024-05-30,
NCT04300478,NO,2022-02-02,
NCT03936478,NO,2027-01,
NCT04834778,NO,2023-10-07,
NCT04965688,NO,2025-07,
NCT05085678,NO,2021-12-31,
NCT04722978,NO,2024-02,
NCT06172088,NO,2024-09-30,
NCT04145388,NO,2023-03-15,
NCT01801878,NO,2021-10-30,
NCT04862078,NO,2024-01-31,
NCT05057078,NO,2022-06-30,
NCT05757388,NO,2023-05-01,
NCT05703178,NO,2026-11-30,
NCT05902988,NO,2025-12,
NCT05266378,NO,2024-02-23,
NCT05664893,NO,2030-10,
NCT05091528,YES,2022-07-07,2022-07-18
NCT04797728,NO,2022-02-08,
NCT05346328,NO,2023-12-31,
NCT04349111,NO,2033-12-31,
NCT05978128,NO,2028-09-30,
NCT06149611,NO,2024-06,
NCT05467111,NO,2024-03,
NCT04177628,NO,2022-12-31,
NCT06265428,NO,2026-02,
NCT05536128,NO,2023-12-31,
NCT04624711,NO,2022-06,
NCT05373628,NO,2023-06-01,
NCT05395871,NO,2023-01-15,
NCT05889728,NO,2025-02-20,
NCT05244993,NO,2024-03,
NCT05754528,NO,2025-07,
NCT04139993,NO,2023-01-11,
NCT05710328,NO,2025-03-31,
NCT04890028,NO,2023-12,
NCT04872985,NO,2023-12-31,
NCT04518085,NO,2022-03-03,
NCT05339685,NO,2024-05,
NCT05887856,NO,2023-12-30,
NCT05113485,NO,2023-01,
NCT04460456,NO,2022-12,
NCT04860115,NO,2023-11-01,
NCT05394285,NO,2024-12-28,
NCT03611985,NO,2023-03,
NCT04609215,NO,2023-05-21,
NCT04334785,NO,2025-05-01,
NCT04390685,NO,2022-09,
NCT06104085,NO,2026-10-01,
NCT04687956,NO,2027-12-31,
NCT05629585,NO,2027-09-20,
NCT03702556,NO,2023-08-15,
NCT04233385,NO,2024-04-30,
NCT05040685,NO,2023-07-01,
NCT04570956,NO,2026-12-31,
NCT04300556,NO,2025-03-31,
NCT04862585,NO,2023-12-31,
NCT04225585,NO,2025-04-30,
NCT05675085,NO,2021-12-21,
NCT05146778,NO,2024-10-31,
NCT05219578,NO,2022-11-30,
NCT04821609,NO,2022-12,
NCT05277909,NO,2022-10-10,
NCT05145907,NO,2024-06-30,
NCT05640778,NO,2024-10-31,
NCT05812807,NO,2033-05-31,
NCT05983107,NO,2026-07-15,
NCT05984888,NO,2025-06,
NCT06133088,NO,2024-12-31,
NCT06019988,NO,2025-01-01,
NCT06072807,NO,2026-12,
NCT04660188,NO,2022-07-20,
NCT05616988,NO,2023-04-30,
NCT05226078,NO,2024-09-30,
NCT04632407,NO,2022-12-31,
NCT05280288,NO,2025-10-01,
NCT05623488,NO,2025-02,
NCT05192278,NO,2022-06-01,
NCT04307407,NO,2023-03-02,
NCT05960188,NO,2027-09-01,
NCT03915678,NO,2024-09,
NCT04726878,NO,2021-08-12,
NCT04208178,NO,2024-09-16,
NCT05831878,NO,2026-03,
NCT03980509,NO,2024-03-31,
NCT05504707,NO,2024-04,
NCT05376878,NO,2026-02-25,
NCT05400993,NO,2023-05-23,
NCT04205071,NO,2021-12-31,
NCT05103293,NO,2023-12-10,
NCT05190978,NO,2025-03-31,
NCT05982093,NO,2024-10,
NCT05331807,NO,2022-12-30,
NCT04251507,NO,2022-01-07,
NCT04276493,NO,2023-12-07,
NCT05088785,NO,2023-10,
NCT05800756,NO,2024-05-31,
NCT04554056,NO,2022-08-20,
NCT05010356,NO,2022-12,
NCT05661656,NO,2025-04,
NCT04711109,NO,2027-07,
NCT06139107,NO,2026-09-30,
NCT06039956,NO,2025-05-31,
NCT04836156,NO,2022-06-30,
NCT04097756,NO,2022-08-08,
NCT06154109,NO,2025-12-30,
NCT05898009,NO,2025-03-22,
NCT04482309,NO,2023-06-08,
NCT05595109,NO,2023-04-28,
NCT05682209,NO,2021-11-15,
NCT04704856,NO,2022-07-25,
NCT05323409,NO,2025-05,
NCT05272709,NO,2025-09,
NCT05479409,NO,2023-12,
NCT05457309,NO,2024-06-24,
NCT04639271,NO,2022-01-01,
NCT05859971,NO,2024-03,
NCT06110793,NO,2026-11,
NCT05806671,NO,2025-01,
NCT05891171,NO,2025-08,
NCT05267171,NO,2022-04-04,
NCT04427293,NO,2026-07,
NCT05226871,NO,2026-04-19,
NCT04681911,NO,2023-09-09,
NCT04486911,NO,2026-12-01,
NCT03721211,NO,2020-02-28,
NCT05952011,NO,2024-02-01,
NCT04549571,NO,2025-01,
NCT04086771,NO,2023-12-31,
NCT04498793,NO,2021-12,
NCT05082597,NO,2022-08-31,
NCT05072197,NO,2023-12-31,
NCT04173897,NO,2021-01-11,
NCT05659797,NO,2025-01,
NCT05909397,NO,2028-08-28,
NCT04655183,NO,2023-09-01,
NCT05830097,NO,2025-06-30,
NCT04858997,NO,2022-12-31,
NCT05203497,NO,2023-03-01,
NCT06040983,NO,2024-12-31,
NCT04603183,NO,2024-06,
NCT05012397,NO,2023-10-15,
NCT04676997,NO,2021-07-30,
NCT06203197,NO,2024-10-30,
NCT04822597,YES,2022-05-09,2023-05-03
NCT04688697,NO,2022-05-31,
NCT05146297,NO,2025-04,
NCT04857697,NO,2023-03-08,
NCT03939897,NO,2024-11-01,
NCT04290897,NO,2024-11-01,
NCT05887297,NO,2023-12-23,
NCT05784597,NO,2024-01,
NCT05693597,NO,2024-02-20,
NCT05642897,NO,2024-08-31,
NCT06161233,NO,2024-01-31,
NCT04274933,NO,2020-10-08,
NCT04432454,NO,2024-05-31,
NCT04824833,NO,2021-08-31,
NCT06037954,NO,2026-09,
NCT06000033,NO,2024-12-31,
NCT05013554,NO,2024-01-15,
NCT04562233,NO,2023-08-24,
NCT05955833,NO,2024-04-30,
NCT04190433,NO,2023-04-18,
NCT04385433,NO,2023-04-27,
NCT04247633,NO,2023-02,
NCT04493333,NO,2024-06,
NCT05918133,NO,2026-10-30,
NCT04541433,NO,2022-07-29,
NCT04538833,NO,2022-08-22,
NCT04251533,NO,2023-05-31,
NCT06130254,NO,2028-08-25,
NCT05398497,NO,2024-06-15,
NCT05256745,NO,2024-11,
NCT05266105,NO,2023-01,
NCT04405505,NO,2022-07-01,
NCT05549505,NO,2024-07-15,
NCT05227898,NO,2022-12-02,
NCT04606147,NO,2020-05-20,
NCT04035447,NO,2024-05-30,
NCT04634747,NO,2023-04-01,
NCT06158347,NO,2024-12-31,
NCT05070247,NO,2026-08-11,
NCT05576077,NO,2024-12-31,
NCT04419077,NO,2022-06-16,
NCT04133077,NO,2026-05-31,
NCT04569747,NO,2026-09-01,
NCT06058377,NO,2026-05-31,
NCT05557877,NO,2026-01-30,
NCT06112977,NO,2024-11-01,
NCT04546347,NO,2021-01-07,
NCT04476654,NO,2023-06-01,
NCT04834154,NO,2024-10-31,
NCT04076033,NO,2020-07-30,
NCT05098951,NO,2022-09-01,
NCT05458154,NO,2022-03-03,
NCT05459454,NO,2023-09-01,
NCT03426254,NO,2023-12-10,
NCT05514054,NO,2027-10-15,
NCT05528133,NO,2025-11-01,
NCT05781633,NO,2023-07-20,
NCT05967533,NO,2025-06-02,
NCT05378854,NO,2023-04-10,
NCT05600153,NO,2024-01,
NCT04137653,NO,2025-11-30,
NCT04641377,NO,2022-11,
NCT05092477,NO,2023-07-24,
NCT05890677,NO,2035-06,
NCT04721977,NO,2023-07-17,
NCT06075953,NO,2028-11,
NCT05056077,NO,2027-12-31,
NCT05564377,NO,2030-07-01,
NCT04895397,NO,2023-06-20,
NCT05178797,NO,2022-12-17,
NCT05746897,NO,2027-09-30,
NCT04774497,NO,2022-11-01,
NCT05989477,NO,2025-04-22,
NCT05288777,NO,2024-12,
NCT04837677,NO,2023-02-06,
NCT04438577,NO,2021-07,
NCT04753177,NO,2023-01-28,
NCT05836077,NO,2023-05-10,
NCT04261153,NO,2022-03-08,
NCT05180851,NO,2023-05-30,
NCT05253053,NO,2024-09,
NCT05714553,NO,2024-08,
NCT05731453,NO,2025-01-01,
NCT04378751,NO,2024-12-31,
NCT05732051,NO,2025-08-01,
NCT05041751,NO,2022-03-23,
NCT05325151,NO,2025-10-31,
NCT03238053,NO,2025-12-31,
NCT05274451,NO,2025-03,
NCT06137651,NO,2029-12-31,
NCT04904653,NO,2022-09,
NCT04584853,NO,2030-09-30,
NCT05113251,NO,2024-12-20,
NCT06166953,NO,2025-05-30,
NCT05327153,NO,2023-10-20,
NCT05765851,NO,2026-06-30,
NCT05417451,NO,2025-05-31,
NCT05570253,NO,2027-10,
NCT04742153,NO,2023-02,
NCT04116151,NO,2023-05-30,
NCT04088877,NO,2020-06-15,
NCT04593277,NO,2025-12-31,
NCT05923177,NO,2024-09-01,
NCT05797454,NO,2025-12-01,
NCT04623554,NO,2024-03-15,
NCT04142554,NO,2020-09-07,
NCT05054751,NO,2023-10-31,
NCT04942054,NO,2023-02-28,
NCT05454553,NO,2024-10-27,
NCT06121453,NO,2026-11-10,
NCT06198751,NO,2025-01,
NCT05524454,NO,2023-08-18,
NCT05412953,NO,2025-03-15,
NCT06143553,NO,2025-07,
NCT04418154,NO,2022-09-28,
NCT05420454,NO,2027-06-10,
NCT03937154,NO,2026-02-13,
NCT05761353,NO,2023-06-01,
NCT04603911,NO,2023-04-10,
NCT05225428,NO,2025-09-01,
NCT05830461,NO,2024-05,
NCT04259905,YES,2022-01-29,2023-03-27
NCT05114005,NO,2023-12-30,
NCT03824145,NO,2027-02-01,
NCT05035745,NO,2024-11,
NCT04576247,NO,2021-09-20,
NCT05258747,NO,2022-10-20,
NCT04483505,NO,2023-04-04,
NCT06268405,NO,2024-09-21,
NCT04551105,YES,2020-11-01,2022-01-13
NCT05363605,NO,2023-09-08,
NCT04390698,NO,2021-03-15,
NCT04298398,NO,2021-09,
NCT05806047,NO,2024-05-01,
NCT04292847,NO,2025-06-15,
NCT05840211,NO,2025-09,
NCT04671511,NO,2025-05,
NCT05732428,NO,2024-03-29,
NCT05276505,NO,2023-03-01,
NCT05940298,NO,2023-12-31,
NCT05301998,NO,2022-12-01,
NCT04780347,NO,2022-12-30,
NCT04641247,NO,2025-11-13,
NCT04276597,NO,2021-07-15,
NCT03159598,NO,2021-02-01,
NCT05858398,NO,2025-05-02,
NCT05837598,NO,2024-05-31,
NCT05186545,NO,2024-01,
NCT05086705,NO,2023-08-24,
NCT05488145,NO,2024-03-30,
NCT05371847,NO,2025-02,
NCT04864405,NO,2022-09-05,
NCT05625698,NO,2023-10-28,
NCT05742945,NO,2028-08,
NCT05160545,NO,2024-06,
NCT04348747,NO,2025-06-15,
NCT06186011,NO,2025-10,
NCT05375461,NO,2023-12,
NCT04841928,NO,2021-07-01,
NCT05353361,NO,2025-12-31,
NCT04702061,NO,2021-03-31,
NCT04407611,NO,2024-06,
NCT04498611,NO,2021-04-30,
NCT05111561,NO,2024-03-14,
NCT04526561,NO,2025-12-31,
NCT05674578,NO,2023-12-31,
NCT05159778,NO,2023-03-22,
NCT05760378,NO,2025-01-01,
NCT05475678,NO,2024-12-31,
NCT06135493,NO,2024-06-30,
NCT05274893,NO,2022-09-30,
NCT05374161,NO,2025-05-30,
NCT06178861,NO,2023-11-13,
NCT05252988,NO,2025-03-25,
NCT05882578,NO,2023-04-09,
NCT04913571,NO,2022-06-01,
NCT04429893,NO,2022-09,
NCT05427071,NO,2023-12-31,
NCT04671693,NO,2028-01-24,
NCT04290793,NO,2022-03-01,
NCT05961111,NO,2025-06,
NCT05746728,NO,2024-08,
NCT05398861,NO,2024-12-30,
NCT06055088,NO,2024-02-16,
NCT04214288,YES,2022-08-30,2023-08-23
NCT05365178,NO,2024-06,
NCT04771871,NO,2023-03,
NCT04540471,NO,2020-12-31,
NCT05889871,NO,2026-06-01,
NCT06169371,NO,2030-11,
NCT04246671,NO,2024-06,
NCT05645471,NO,2024-11-01,
NCT05749588,NO,2025-12,
NCT04303988,NO,2021-12-30,
NCT05254678,NO,2024-06-30,
NCT04571307,NO,2022-10-15,
NCT06052488,NO,2024-09,
NCT05447988,NO,2024-12-15,
NCT05107388,NO,2024-01,
NCT06152471,NO,2024-10-31,
NCT04849871,NO,2029-06-30,
NCT05641571,NO,2023-12-31,
NCT05982678,NO,2027-10-01,
NCT05637671,NO,2023-12,
NCT06088056,NO,2024-06,
NCT04574609,NO,2022-03-23,
NCT05095207,NO,2025-04,
NCT05455385,NO,2022-01-31,
NCT04580485,NO,2024-01-30,
NCT05740956,NO,2026-04-01,
NCT04534309,NO,2022-12-15,
NCT05941507,NO,2027-01,
NCT05774678,NO,2026-11-01,
NCT05861271,NO,2026-07-01,
NCT04856371,NO,2022-03,
NCT04941885,NO,2023-07-01,
NCT04619485,NO,2021-08-30,
NCT05428709,NO,2023-06-22,
NCT05035407,NO,2025-04-07,
NCT05065411,NO,2023-10-19,
NCT05959811,NO,2024-06-06,
NCT06202261,NO,2025-03,
NCT04487561,NO,2023-02-14,
NCT05901428,NO,2026-06,
NCT05368428,NO,2024-03-31,
NCT04666961,NO,2024-08-01,
NCT04895761,NO,2023-06-16,
NCT04900311,NO,2023-12,
NCT04568161,NO,2022-09-03,
NCT04800393,NO,2023-07-01,
NCT05386628,NO,2023-08-15,
NCT05681728,NO,2024-02-01,
NCT04767828,NO,2022-06,
NCT06156761,NO,2024-04,
NCT05275361,NO,2022-06-30,
NCT04273061,NO,2026-10,
NCT04704661,NO,2026-03-31,
NCT05359783,NO,2023-02-15,
NCT04948983,NO,2022-10-31,
NCT05020561,NO,2022-09-01,
NCT06079983,NO,2025-04-01,
NCT06027983,NO,2025-12-31,
NCT05491083,NO,2025-12-31,
NCT05666583,NO,2022-07-01,
NCT05498597,NO,2024-01-01,
NCT05692661,NO,2025-10-10,
NCT04815083,NO,2025-05,
NCT04714983,NO,2022-07-31,
NCT04588298,NO,2023-06-19,
NCT05203445,NO,2026-01,
NCT06265077,NO,2024-08,
NCT05078398,NO,2024-01-01,
NCT05507398,NO,2023-07,
NCT06096545,NO,2023-12-30,
NCT04494945,NO,2025-06-10,
NCT03971045,NO,2023-07-01,
NCT05931445,NO,2026-03-31,
NCT06090747,NO,2026-12-31,
NCT04588545,NO,2024-11-01,
NCT05430347,NO,2025-06-15,
NCT04352777,NO,2024-12-30,
NCT04670445,NO,2023-03-23,
NCT04532177,NO,2027-08-31,
NCT05296577,NO,2024-09-01,
NCT04265547,NO,2021-01-25,
NCT04966377,NO,2022-01-01,
NCT06129747,NO,2029-08-09,
NCT05275777,NO,2027-12,
NCT03934905,NO,2025-11-01,
NCT05950945,NO,2027-10-01,
NCT05176405,NO,2022-03-14,
NCT04248998,NO,2024-05-01,
NCT05444998,NO,2023-08-31,
NCT04756505,NO,2022-02-16,
NCT06278298,NO,2024-06-01,
NCT05941598,NO,2024-12-30,
NCT04997798,NO,2024-12,
NCT03872505,NO,2022-07,
NCT05296798,NO,2026-08-31,
NCT06062498,NO,2024-07-01,
NCT04420598,NO,2021-09-30,
NCT04803305,YES,2022-04-14,2023-04-05
NCT06185205,NO,2031-01-31,
NCT04934098,NO,2023-10-30,
NCT04472845,NO,2023-08-20,
NCT04639245,YES,2022-08-04,2023-07-11
NCT05576545,NO,2022-08-15,
NCT05144698,NO,2024-01-01,
NCT05813145,NO,2024-01-01,
NCT05968677,NO,2024-08,
NCT05078047,NO,2025-03-07,
NCT04461847,NO,2022-12-31,
NCT05393947,NO,2022-12-01,
NCT03110445,NO,2021-09,
NCT05523947,NO,2024-01-31,
NCT04158947,NO,2023-12-31,
NCT05825547,NO,2023-12,
NCT04732598,NO,2025-09-30,
NCT05185947,NO,2028-12-30,
NCT05001347,NO,2023-02-08,
NCT05377047,NO,2025-12-31,
NCT05872347,NO,2025-12-31,
NCT04461977,NO,2021-12-13,
NCT05505045,NO,2024-02-15,
NCT05797545,NO,2028-05-28,
NCT05591547,NO,2024-03-31,
NCT04953377,NO,2023-03-30,
NCT04275661,NO,2022-03-01,
NCT05483283,NO,2027-09,
NCT06120283,NO,2026-05,
NCT04632797,NO,2022-02-03,
NCT05995483,NO,2023-09-04,
NCT04740697,NO,2024-02,
NCT06067061,NO,2026-04-30,
NCT03929783,NO,2021-12-31,
NCT04596683,NO,2021-02-04,
NCT03846583,NO,2020-09-22,
NCT05704283,NO,2025-04-01,
NCT05551897,NO,2022-12-28,
NCT05963997,NO,2024-12-23,
NCT05660083,NO,2026-12-01,
NCT04468061,NO,2024-04-01,
NCT03544983,NO,2024-12-31,
NCT02807597,NO,2026-01-31,
NCT04824183,NO,2022-03-22,
NCT05891561,NO,2026-12,
NCT04890197,NO,2021-07-01,
NCT04965428,NO,2023-12,
NCT02883361,NO,2022-09,
NCT05949983,NO,2025-01-01,
NCT04928261,NO,2025-09,
NCT06008483,NO,2024-04-05,
NCT05346861,NO,2023-10-31,
NCT04739761,NO,2024-02-08,
NCT04465097,NO,2023-10-01,
NCT04253561,NO,2025-06-25,
NCT05332561,NO,2030-03,
NCT05058183,NO,2025-12-05,
NCT04512261,NO,2024-06-01,
NCT05435911,NO,2022-12-21,
NCT05315011,NO,2025-02-04,
NCT05036083,NO,2024-12-31,
NCT04705883,NO,2021-11-08,
NCT06156397,NO,2024-01-30,
NCT05655598,NO,2024-08,
NCT05385705,NO,2024-09-11,
NCT04469205,NO,2023-10-05,
NCT05192798,NO,2025-01-10,
NCT05307705,NO,2025-05,
NCT05241405,NO,2025-09,
NCT04187898,NO,2024-07-31,
NCT04134598,NO,2025-02-08,
NCT05910398,NO,2030-04,
NCT04120298,NO,2023-02-28,
NCT04213898,NO,2021-01,
NCT05678205,NO,2027-04,
NCT05108298,NO,2024-11-01,
NCT05955105,NO,2026-01-25,
NCT04790305,NO,2027-12-31,
NCT05594498,NO,2023-06-30,
NCT04090398,NO,2024-06-30,
NCT05071105,NO,2023-11,
NCT05439005,NO,2026-03-15,
NCT05036005,NO,2023-04,
NCT05298605,NO,2024-07-01,
NCT05727098,NO,2023-04-30,
NCT05100498,NO,2021-08-05,
NCT05921253,NO,2025-09,
NCT04975451,NO,2024-05-01,
NCT04565054,NO,2026-08,
NCT04908254,NO,2021-12-31,
NCT04848454,NO,2024-02-28,
NCT04024254,NO,2023-03-30,
NCT04685551,NO,2024-06-30,
NCT04679454,NO,2026-03,
NCT04656353,NO,2023-12-31,
NCT05774951,NO,2027-04-19,
NCT04332653,NO,2024-06-20,
NCT05914753,NO,2024-06-01,
NCT04650451,NO,2025-12-31,
NCT04478851,NO,2027-12-31,
NCT05887154,NO,2024-06-01,
NCT04730154,NO,2023-12,
NCT05277051,NO,2026-10-14,
NCT06162351,NO,2025-07-15,
NCT05228951,NO,2022-12-31,
NCT05403554,NO,2025-06-30,
NCT03936933,NO,2024-09-30,
